구,법정동명,단지명,지번주소,도로명주소,지상층(고),동수,세대수,관리사무소,기준일자
분당구,구미동,까치마을건영빌라5단지,12, 미금일로 136,4.0,9,208,031-717-0912,2025-07-05
분당구,구미동,"까치마을건영빌라3,6단지",13, 미금일로 122,4.0,16,332,031-716-1021,2025-07-05
분당구,구미동,까치마을4단지롯데선경,63, 미금일로 58,22.0,16,1124,031-715-6697,2025-07-05
분당구,구미동,하얀마을그랜드빌라,111, 미금로 114,4.0,37,324,031-717-4553,2025-07-05
분당구,구미동,하얀마을 화이트빌,121, 금곡로 39,4.0,18,192,031-716-0407,2025-07-05
분당구,구미동,까치마을신원,66, 미금로 177,25.0,14,882,031-715-3339,2025-07-05
분당구,구미동,까치마을1단지대우,77, 미금로 184,25.0,16,976,031-715-6278,2025-07-05
분당구,구미동,까치마을주공2단지,88, 미금일로 22,25.0,9,768,031-715-0403,2025-07-05
분당구,구미동,하얀마을 주공5단지,110, 미금일로 21,21.0,7,779,031-717-3403,2025-07-05
분당구,구미동,하얀마을 주공6단지,112, 미금일로 57,21.0,14,1489,031-717-1216,2025-07-05
분당구,구미동,무지개마을신한건영,201, 미금로 63,20.0,12,964,031-715-3594,2025-07-05
분당구,구미동,무지개마을LG,202, 구미로 50,20.0,14,888,031-717-0903,2025-07-05
분당구,구미동,무지개마을대림,211, 미금로 23,27.0,11,778,031-718-2137,2025-07-05
분당구,구미동,무지개마을주공12단지,212, 미금로22번길 10,25.0,9,905,031-715-2283,2025-07-05
분당구,구미동,무지개마을금강,213, 미금로22번길 9,19.0,3,216,031-717-4609,2025-07-05
분당구,구미동,무지개마을주공4단지,220, 미금로 66,25.0,5,563,031-717-1467,2025-07-05
분당구,구미동,무지개마을청구,221, 무지개로 144,23.0,13,932,031-718-0735,2025-07-05
분당구,구미동,무지개마을삼성건영,222, 구미로 100,19.0,8,498,031-717-5244,2025-07-05
분당구,구미동,무지개마을건영6단지(건영3차),225, 구미로 115,16.0,4,208,031-717-4847,2025-07-05
분당구,구미동,무지개마을라이프,242, 구미로 143,19.0,4,222,031-717-8621,2025-07-05
분당구,구미동,무지개마을제일,243, 구미로144번길 7,18.0,3,172,031-715-2939,2025-07-05
분당구,금곡동,청솔마을주공5단지 공무원,125, 금곡로 263,20.0,8,474,031-714-4069,2025-07-05
분당구,금곡동,청솔마을주공6단지,126, 미금로 246,20.0,9,1250,031-713-1038,2025-07-05
분당구,금곡동,청솔마을동아,132, 금곡로 233,18.0,4,204,031-712-7201,2025-07-05
분당구,금곡동,청솔마을주공9단지,133, 금곡로 233,20.0,6,1020,031-717-6261,2025-07-05
분당구,금곡동,청솔마을대원,141, 미금로 215,25.0,14,820,031-713-1379,2025-07-05
분당구,금곡동,청솔마을성원,143, 미금로 251,25.0,9,454,031-713-8476,2025-07-05
분당구,금곡동,청솔마을계룡,176, 정자일로 30,24.0,6,492,031-719-1351,2025-07-05
분당구,금곡동,청솔마을서광영남,177, 성남대로171번길 8,21.0,6,408,031-718-2555,2025-07-05
분당구,금곡동,청솔마을화인,180, 정자일로 46,25.0,8,624,031-716-9155,2025-07-05
분당구,금곡동,청솔마을한라,181, 정자일로 72,22.0,10,768,031-714-8955,2025-07-05
분당구,금곡동,분당 두산위브 트레지움,192, 정자일로 55,20.0,9,656,031-713-9929,2025-07-05
분당구,금곡동,코오롱더프라우,201, 정자일로 27,33.0,1,164,031-726-3843,2025-07-05
분당구,금곡동,분당하우스토리,202, 정자일로 15,20.0,3,212,031-718-8131,2025-07-05
분당구,대장동,판교퍼스트힐푸르지오 1단지,50, 판교대장로7길 69,20.0,10,529,031-726-0529,2025-07-05
분당구,대장동,판교퍼스트힐푸르지오 2단지,54, 판교대장로7길 57,20.0,8,445,031-726-0445,2025-07-05
분당구,대장동,더샵판교포레스트12단지,287, 판교대장로5길 30,20.0,9,542,031-719-9566,2025-07-05
분당구,대장동,판교풍경채어바니티5단지아파트,299, 판교대장로5길 20,20.0,8,589,031-711-2008,2025-07-05
분당구,대장동,더샵판교포레스트11단지,181-1, 판교대장로5길 58,20.0,7,448,031-719-9605,2025-07-05
분당구,대장동,힐스테이트 판교 엘포레4단지,260-3, 판교대장로5길 19,20.0,5,251,031-712-7392,2025-07-05
분당구,대장동,힐스테이트 판교 엘포레6단지,산19-2, 판교대장로7길 16,20.0,8,464,031-713-7392,2025-07-05
분당구,대장동,판교 풍경채 어바니티7단지,산27-8,,20.0,7,444,031-719-9023,2025-07-05
분당구,대장동,판교포레나인9단지,625, 판교대장로 71,18.0,4,221,031-711-2971,2025-07-05
분당구,대장동,판교SK뷰테라스,590, 판교대장로7길 37,4.0,16,292,031-712-9942,2025-07-05
분당구,대장동,판교 해링턴 플레이스,636, 판교대장로5길 68,20.0,14,1123,031-716-0912,2025-07-05
분당구,백현동,더샵판교퍼스트파크,516, 판교백현로 38,25.0,15,1223,031-705-6306,2025-07-05
분당구,백현동,백현마을9단지,525, 판교역로 49,10.0,15,348,031-8017-3008,2025-07-05
분당구,백현동,알파리움2단지,530, 판교역로 145,20.0,6,514,031-709-9079,2025-07-05
분당구,백현동,알파리움1단지,531, 대왕판교로606번길 10,19.0,5,417,031-705-7949,2025-07-05
분당구,백현동,백현마을1단지 판교푸르지오그랑블,542, 동판교로 123,25.0,14,948,031-8016-0216,2025-07-05
분당구,백현동,백현마을2단지,545, 동판교로 122,25.0,13,772,031-8016-7009,2025-07-05
분당구,백현동,백현마을3단지,546, 동판교로 92,25.0,23,1722,031-8016-2175,2025-07-05
분당구,백현동,백현마을4단지,553, 동판교로 91,25.0,20,1974,031-8016-2311,2025-07-05
분당구,백현동,백현마을5단지,554, 판교역로 102,22.0,11,584,031-8016-0450,2025-07-05
분당구,백현동,백현마을6단지,555, 판교역로 100,22.0,6,396,031-8016-1231,2025-07-05
분당구,백현동,백현마을8단지,558, 판교역로 72,22.0,6,340,031-709-1775,2025-07-05
분당구,백현동 ,백현마을7단지,556, 판교역로 98,24.0,7,464,031-8016-0173,2025-07-05
분당구,분당동,샛별마을라이프,34, 분당로 190,25.0,9,796,031-701-4724,2025-07-05
분당구,분당동,샛별마을동성,35, 분당로 212,20.0,9,582,031-701-6001,2025-07-05
분당구,분당동,샛별마을우방,38, 수내로 181,20.0,12,811,031-702-6976,2025-07-05
분당구,분당동,샛별마을삼부,39, 수내로 201,25.0,14,588,031-701-4717,2025-07-05
분당구,분당동,장안타운건영2차,68, 장안로51번길 31,20.0,27,1688,031-702-4017,2025-07-05
분당구,분당동,장안타운두산건영,95, 장안로 67,4.0,10,224,031-703-4137,2025-07-05
분당구,분당동,장안타운한신라이프,96, 분당로263번길 68,4.0,10,264,031-702-2355,2025-07-05
분당구,삼평동,성남판교 경기행복주택,700, 판교로319번길 14,8.0,3,300,031-8039-6114,2025-07-05
분당구,삼평동,봇들마을1단지 판교신미주,705, 동판교로 275,15.0,25,1147,031-702-2626,2025-07-05
분당구,삼평동,봇들마을2단지이지더원,717, 판교로 393,15.0,16,721,031-703-0130,2025-07-05
분당구,삼평동,봇들마을4단지,718, 동판교로 226,18.0,12,748,031-8016-2207,2025-07-05
분당구,삼평동,봇들마을3단지,722, 동판교로 225,18.0,12,870,031-8016-5031,2025-07-05
분당구,삼평동,봇들마을5단지,726, 대왕판교로644번길 65,17.0,9,775,031-8016-7142,2025-07-05
분당구,삼평동,봇들마을6단지,728, 동판교로 212,20.0,13,1297,031-8017-3050,2025-07-05
분당구,삼평동,봇들마을7단지,738, 동판교로 155,22.0,11,585,031-8016-3315,2025-07-05
분당구,삼평동,판교호반써밋플레이스,740, 동판교로177번길 25,18.0,3,178,031-8016-3938,2025-07-05
분당구,삼평동,봇들마을8단지,742, 동판교로 153,22.0,7,447,031-8016-1333,2025-07-05
분당구,삼평동,봇들마을9단지금호어울림,744, 동판교로 156,24.0,14,850,031-708-2993,2025-07-05
분당구,서현동,시범단지삼성한신,87, 중앙공원로 53,28.0,33,1781,031-701-8295,2025-07-05
분당구,서현동,시범단지한양,91, 중앙공원로 17,30.0,32,2419,031-701-8050,2025-07-05
분당구,서현동,시범단지현대,92, 중앙공원로 20,30.0,29,1695,031-701-8061,2025-07-05
분당구,서현동,시범단지우성,96, 중앙공원로 54,30.0,29,1874,031-701-8270,2025-07-05
분당구,서현동,효자촌동아,291, 돌마로486번길 7,19.0,15,648,031-701-7865,2025-07-05
분당구,서현동,효자촌임광,292, 불정로 397,22.0,14,732,031-701-7651,2025-07-05
분당구,서현동,효자촌현대,300, 분당로201번길 17,22.0,14,710,031-701-5953,2025-07-05
분당구,서현동,효자촌삼환,301, 불정로 361,20.0,14,632,031-701-4691,2025-07-05
분당구,서현동,서현미래타운,307, 불정로386번길 10,22.0,4,160,031-705-3868,2025-07-05
분당구,서현동,서현효자촌그린타운,308, 불정로 362,25.0,22,1774,031-704-1297,2025-07-05
분당구,수내동,분당지웰푸르지오,1-1, 수내로 39,28.0,3,166,031-718-2101,2025-07-05
분당구,수내동,양지마을한양1단지(501~514동),24, 내정로165번길 35,15.0,13,1010,031-713-2091,2025-07-05
분당구,수내동,"양지마을한양2단지(515~529동), 603동",24, 내정로165번길 35,25.0,16,996,031-711-2108,2025-07-05
분당구,수내동,양지마을금호3단지,27, 내정로 151,21.0,6,414,031-711-2061,2025-07-05
분당구,수내동,"양지마을금호1,6단지(602동)",34, 수내로 74,26.0,17,1076,031-711-2060,2025-07-05
분당구,수내동,양지마을청구,36, 내정로 185,25.0,14,896,031-711-3378,2025-07-05
분당구,수내동,파크타운롯데,55, 내정로 152,30.0,41,3028,031-711-9644,2025-07-05
분당구,수내동,푸른마을 신성벽산쌍용,73, 수내로 206,22.0,50,2598,031-711-1121,2025-07-05
분당구,야탑동,"야탑동,목련마을SK",147, 판교로743번길 7,15.0,5,272,031-709-9132,2025-07-05
분당구,야탑동,목련마을영남,156, 판교로 669,17.0,4,294,031-707-6047,2025-07-05
분당구,야탑동,목련마을한일,162, 판교로 645,18.0,4,278,031-707-7841,2025-07-05
분당구,야탑동,목련마을한신,163, 판교로 627,15.0,5,264,031-703-4883,2025-07-05
분당구,야탑동,목련마을주공1단지,165, 판교로 607,15.0,12,1460,031-705-3039,2025-07-05
분당구,야탑동,목련마을대원빌라,173, 야탑로245번길 11,4.0,6,172,031-704-2599,2025-07-05
분당구,야탑동,목련마을대원빌라3단지,177, 야탑로271번길 7,4.0,9,216,031-702-3514,2025-07-05
분당구,야탑동,목련마을화성빌리지,185, 야탑로271번길 28,4.0,11,224,031-705-7750,2025-07-05
분당구,야탑동,SK VIEW,188, 돌마로 906,20.0,4,175,031-703-9400,2025-07-05
분당구,야탑동,분당동원로얄듀크,190, 돌마로 908,22.0,4,166,031-781-9831,2025-07-05
분당구,야탑동,매화마을주공1단지,201, 매화로 92,20.0,6,562,031-707-6647,2025-07-05
분당구,야탑동,매화마을주공3단지,207, 양현로 507,15.0,16,851,031-705-3037,2025-07-05
분당구,야탑동,매화마을주공4단지,211, 장미로 193,15.0,7,643,031-705-3038,2025-07-05
분당구,야탑동,매화마을주공2단지,215, 장미로 139,21.0,17,1185,031-703-4947,2025-07-05
분당구,야탑동,매화마을벽산연립,218, 벌말로50번길 27,4.0,10,252,031-702-1480,2025-07-05
분당구,야탑동,매화마을건영1차,265, 벌말로30번길 32,4.0,11,248,031-706-9723,2025-07-05
분당구,야탑동,매화마을동신건영2차,266, 벌말로30번길 12,4.0,12,240,031-706-7498,2025-07-05
분당구,야탑동,장미마을현대,335, 장미로 101,20.0,25,2136,031-705-2014,2025-07-05
분당구,야탑동,아이파크,391, 야탑로 125,15.0,5,270,031-702-1323,2025-07-05
분당구,야탑동,"탑마을타워빌(경향,기산,진덕,남광)",511, 양현로 272,22.0,20,1166,031-705-6691,2025-07-05
분당구,야탑동,탑마을벽산,517, 야탑로 124,23.0,12,646,031-705-3561,2025-07-05
분당구,야탑동,탑마을주공8단지,518, 매화로 12,15.0,9,701,031-705-3036,2025-07-05
분당구,야탑동,탑마을경남,526,판교로 519,23.0,16,884,031-706-2108,2025-07-05
분당구,야탑동,탑마을대우,535,판교로 421,17.0,12,654,031-704-4993,2025-07-05
분당구,야탑동,탑마을선경,536,야탑로 20,16.0,16,976,031-703-0548,2025-07-05
분당구,야탑동,장미마을동부,"330, 331",장미로 55,17.0,21,1134,031-704-6738,2025-07-05
분당구,야탑동,장미마을코오롱,"330, 331",장미로 55,16.0,18,1082,031-704-6975,2025-07-05
분당구,운중동, LIG건영,899,판교원로 7,25.0,3,222,031-8016-0111,2025-07-05
분당구,운중동, 산운마을14단지 경남아너스빌,916,판교원로82번길 60,18.0,12,492,031-8016-0455,2025-07-05
분당구,운중동, 산운마을13단지,918,판교원로82번길 30,35.0,12,1396,031-8016-2340,2025-07-05
분당구,운중동, 산운마을12단지,921,판교원로 46,18.0,10,510,031-8016-6608,2025-07-05
분당구,운중동, 산운마을11단지,922,판교원로 68,18.0,10,504,031-8016-6601,2025-07-05
분당구,운중동, 산운마을10단지 대광로제비앙,949,판교원로81번길 15,18.0,4,257,031-701-2984,2025-07-05
분당구,운중동, 산운마을8단지 판교부영,956,산운로 98,21.0,6,371,031-701-3941,2025-07-05
분당구,운중동,산운마을9단지 판교대방노블랜드,958,산운로 126,18.0,4,266,031-704-0986,2025-07-05
분당구,운중동, 산운마을7단지,987,산운로 135,4.0,21,206,031-8017-3371,2025-07-05
분당구,운중동, 산운마을6단지,988,산운로 121,17.0,10,256,031-701-1044,2025-07-05
분당구,운중동,산운마을5단지 한성필하우스,989,산운로 97,18.0,5,268,031-702-4777,2025-07-05
분당구,이매동,이매촌삼환,99,양현로 220,25.0,10,572,031-703-3971,2025-07-05
분당구,이매동,이매촌삼성,100,양현로 220,21.0,27,1162,031-706-2561,2025-07-05
분당구,이매동,이매촌동신9단지,110,양현로166번길 20,18.0,10,458,031-704-3220,2025-07-05
분당구,이매동,이매촌진흥,111,양현로 138,25.0,13,832,031-705-1057,2025-07-05
분당구,이매동,이매촌성지,116,이매로 54,18.0,4,304,031-703-1397,2025-07-05
분당구,이매동,이매촌동신3단지,117,양현로94번길 28,20.0,9,460,031-704-3271,2025-07-05
분당구,이매동,이매촌동부코오롱,121,양현로 88,20.0,4,264,031-705-5216,2025-07-05
분당구,이매동,이매촌금강,122,서현로 177,23.0,7,588,031-703-1114,2025-07-05
분당구,이매동,이매촌청구,123,양현로94번길 29,25.0,13,710,031-703-0491,2025-07-05
분당구,이매동,이매촌한신,124,서현로 181,25.0,12,1184,031-704-3797,2025-07-05
분당구,이매동,아름마을(건영),132,판교로 430,28.0,12,706,031-703-2222,2025-07-05
분당구,이매동,아름마을(한성),132,판교로 430,5.0,8,240,031-704-7536,2025-07-05
분당구,이매동,아름마을(태영),132,판교로 430,17.0,8,414,031-703-2349,2025-07-05
분당구,이매동,아름마을두산삼호,133,탄천로 95,22.0,24,1132,031-703-1278,2025-07-05
분당구,이매동,아름마을풍림,140,탄천로 59,22.0,16,876,031-705-7895,2025-07-05
분당구,이매동,아름마을선경,142,이매로 11,17.0,5,370,031-706-0205,2025-07-05
분당구,이매동,아름마을효성,143,이매로 16,25.0,7,388,031-701-5705,2025-07-05
분당구,정자동,파크뷰,6,정자일로 248,35.0,13,1829,031-783-2000,2025-07-05
분당구,정자동,아이파크분당,9,정자일로 239,34.0,4,540,031-785-1900,2025-07-05
분당구,정자동,아이파크분당2,10-1,정자일로213번길 19,31.0,2,224,031-785-1900,2025-07-05
분당구,정자동,아이파크분당3,11,정자일로213번길 5,34.0,2,307,031-785-1900,2025-07-05
분당구,정자동,느티마을경남선경빌라,29,황새울로132번길 27,4.0,16,200,031-714-4367,2025-07-05
분당구,정자동,"느티마을3,4단지",88,느티로 70,25.0,28,1776,031-712-4083,2025-07-05
분당구,정자동,한솔마을주공7단지,101,내정로 94,20.0,12,1668,031-713-1210,2025-07-05
분당구,정자동,한솔마을주공4단지,102,백현로 206,25.0,17,1651,031-713-1403,2025-07-05
분당구,정자동,한솔마을한일,107,백현로 234,23.0,7,416,031-713-0004,2025-07-05
분당구,정자동,한솔마을청구,110,불정로 219,25.0,14,858,031-713-2713,2025-07-05
분당구,정자동,한솔마을2단지 LG,111,정자로 143,25.0,11,598,031-715-3297,2025-07-05
분당구,정자동,한솔마을주공5단지,112,정자로 115,25.0,12,1156,031-714-2717,2025-07-05
분당구,정자동,한솔마을주공6단지,117,내정로 54,25.0,12,1039,031-714-2717,2025-07-05
분당구,정자동,상록마을우성,121,내정로 55,25.0,27,1762,031-713-5065,2025-07-05
분당구,정자동,미켈란쉐르빌,180,정자일로 100,39.0,4,803,031-782-0300,2025-07-05
분당구,정자동,상록마을보성임광,181,정자일로 80,18.0,8,568,031-713-0791,2025-07-05
분당구,정자동,정든마을한진6단지,191,내정로 24,25.0,6,298,031-717-1197,2025-07-05
분당구,정자동,정든마을신화,192,정자로 112,25.0,8,564,031-716-1975,2025-07-05
분당구,정자동,정든마을한진8단지,193,불정로 119,25.0,9,512,031-716-1289,2025-07-05
분당구,정자동,정든마을한진7단지,194,내정로 10,20.0,5,382,031-712-4641,2025-07-05
분당구,정자동,정든마을우성4차,197,정자로 144,25.0,6,270,031-714-1693,2025-07-05
분당구,정자동,정든마을우성6차,198,불정로 195,23.0,8,706,031-713-4954,2025-07-05
분당구,정자동,정든마을동아2단지,199,불정로 179,23.0,8,706,031-718-0297,2025-07-05
분당구,정자동,정든마을동아1단지,200,불정로 141,23.0,7,300,031-715-0245,2025-07-05
분당구,정자동,분당더샵파크리버,215,돌마로 171,34.0,5,506,031-715-6656,2025-07-05
분당구,정자동,로얄팰리스,28-1,성남대로 449,32.0,4,566,031-785-5555,2025-07-05
분당구,정자동,위브제니스,15-4,정자일로232번길 25,30.0,2,157,031-719-1456,2025-07-05
분당구,정자동,상록마을라이프1단지,"124, 125",정자로 56,25.0,13,750,031-713-2599,2025-07-05
분당구,정자동,아데나팰리스,169-1,성남대로 275,27.0,3,203,031-719-7608,2025-07-05
분당구,정자동,삼성아데나루체,170-1,정자일로 120,25.0,3,259,031-712-3294,2025-07-05
분당구,정자동,분당더샾스타파크,174-1,정자일로 121,36.0,4,378,031-8022-5100,2025-07-05
분당구,판교동,판교원마을13단지,492,서판교로 193,4.0,16,170,031-8016-2225,2025-07-05
분당구,판교동,판교원마을12단지,494,서판교로 165,15.0,8,428,031-8016-0322,2025-07-05
분당구,판교동,판교원마을11단지 현대힐스테이트,513,서판교로 147,15.0,13,605,031-8017-3331,2025-07-05
분당구,판교동,판교원마을10단지,552,서판교로 73,4.0,22,248,031-8016-0240,2025-07-05
분당구,판교동,판교원마을9단지 한림풀에버,585,서판교로 29,20.0,23,1045,031-8016-7800,2025-07-05
분당구,판교동,판교원마을1단지,622,판교로 50,15.0,12,402,031-8016-1055,2025-07-05
분당구,판교동,판교원마을2단지,623,판교로 30,15.0,6,202,031-8016-3588,2025-07-05
분당구,판교동,판교원마을3단지,629,판교로 20,35.0,5,486,031-8016-9020,2025-07-05
분당구,판교동,판교원마을5단지,634,판교원로 207,35.0,7,567,031-8016-8042,2025-07-05
분당구,판교동,판교원마을6단지 판교대광로제비앙,635,판교원로 209,21.0,6,470,031-626-6663,2025-07-05
분당구,판교동,판교원마을7단지 모아미래도,637,판교원로 237,20.0,9,585,031-702-0015,2025-07-05
분당구,판교동,판교원마을8단지 상록아파트,638,판교원로 255,20.0,7,466,031-8016-1008,2025-07-05
수정구,고등동,판교밸리포레자이 ,576,고등로 33,15.0,12,603,031-751-6481,2025-07-05
수정구,고등동,고등마을 행복주택,578,고등로 57,15.0,11,1520,031-759-5674,2025-07-05
수정구,고등동,판교밸리제일풍경채,590,고등공원로 19,15.0,9,543,031-778-7935,2025-07-05
수정구,고등동,호반써밋판교밸리,592,고등로 34,14.0,19,768,031-759-9883,2025-07-05
수정구,단대동,선경논골,6,논골로 87,13.0,3,426,031-733-4444,2025-07-05
수정구,단대동,푸르지오,100,산성대로437번길 7,25.0,13,1015,031-731-4706,2025-07-05
수정구,단대동,휴먼시아,101,산성대로437번길 8,18.0,2,213,031-735-3003,2025-07-05
수정구,단대동,진로,124,단대로23번길 32,15.0,6,499,031-732-0208,2025-07-05
수정구,단대동,성남미도,182,희망로 472,14.0,2,280,031-734-0237,2025-07-05
수정구,단대동,코오롱하늘채,6986,단대로15번길 2,15.0,4,186,031-742-9615,2025-07-05
수정구,단대동 ,진흥더블파크, 78,단대로23번길 10,15.0,3,188,031-734-7950,2025-07-05
수정구,수진동,삼부,4663,모란로 65,15.0,9,834,031-752-0405,2025-07-05
수정구,수진동,삼정그린뷰,4678,수정로 2,10.0,5,274,031-751-2985,2025-07-05
수정구,시흥동,판교 제2테크노밸리 LH 1단지,324,창업로40번길 6,10.0,1,200,031-758-3250,2025-07-05
수정구,신흥동,산성역 포레스티아 아파트,6951,수정로 319,28.0,39,4089,031-731-9462,2025-07-05
수정구,신흥동,두산,2024,공원로 360,15.0,6,570,031-747-0480,2025-07-05
수정구,신흥동,한신,2463-1,산성대로 341,15.0,5,585,031-731-6628,2025-07-05
수정구,신흥동,청구,2464-1,공원로 340,15.0,3,493,031-748-8147,2025-07-05
수정구,신흥동,신동아파라디움,2465-7,공원로 322,20.0,3,272,031-742-0905,2025-07-05
수정구,신흥동,산성역 자이푸르지오 1단지,6961,수정로 260,29.0,13,1852,031-732-6550,2025-07-05
수정구,신흥동,산성역 자이푸르지오 2단지,6963,수정로 288,29.0,10,1270,031-744-5445,2025-07-05
수정구,신흥동,산성역 자이푸르지오 3단지,6971,희망로 531,29.0,5,840,031-742-3330,2025-07-05
수정구,신흥동,산성역 자이푸르지오 4단지,6970,희망로 533,26.0,3,812,031-749-0121,2025-07-05
수정구,양지동,우성에비뉴,1022,논골로36번길 15,15.0,4,181,031-733-7807,2025-07-05
수정구,창곡동,위례31단지,500,위례순환로 17,15.0,13,2334,031-759-9005,2025-07-05
수정구,창곡동,LH위례36단지,501,위례순환로 53,15.0,3,470,031-756-4701,2025-07-05
수정구,창곡동,위례센트럴자이,504,위례광장로 97,15.0,19,1413,031-759-9250,2025-07-05
수정구,창곡동,위례35단지,510,위례광장로 311,22.0,14,2568,031-759-8334,2025-07-05
수정구,창곡동,위례 호반베르디움(위례호반써밋에비뉴),515,위례중앙로 216,25.0,15,1137,031-752-1137,2025-07-05
수정구,창곡동,"창곡동,위례센트럴푸르지오",519,위례순환로 211,25.0,8,687,031-759-9985,2025-07-05
수정구,창곡동,위례더힐55(위례부영사랑으로),521,위례순환로 220,20.0,21,1380,031-752-2203,2025-07-05
수정구,창곡동,삼성래미안 위례,528,위례순환로 150,19.0,7,410,031-721-4651,2025-07-05
수정구,창곡동,위례자이,531,위례순환로 100,19.0,11,517,031-722-2717,2025-07-05
수정구,창곡동,"위례역푸르지오4,5,6단지",563,위례광장로 12,20.0,13,620,031-759-9498,2025-07-05
수정구,창곡동,위례자연앤래미안 e편한세상,567,위례동로 61,21.0,21,1540,031-755-8600,2025-07-05
수정구,창곡동,힐스테이트 위례,572,위례동로 15,14.0,14,621,031-759-7730,2025-07-05
수정구,창곡동,이편한세상테라스위례,575,위례동이로 24,4.0,15,360,031-759-7065,2025-07-05
수정구,창곡동,위례포레스트부영,597,헌릉로 1005,14.0,14,566,031-723-6298,2025-07-05
수정구,창곡동,위례자이더시티,512,위례중앙로 190,10.0,12,800,031-8039-6012,2025-07-05
수정구,태평동,태평선경,7308,시민로 214,5.0,9,312,031-721-1767,2025-07-05
수정구,태평동,신세계쉐덴,7336,수정로 201,14.0,6,182,031-759-4561,2025-07-05
수정구,태평동,신동아파밀리에,7341,시민로 209,13.0,2,168,031-752-7730,2025-07-05
수정구,태평동,가천대역쌍용스윗닷홈,7342,태평로 9,15.0,4,191,031-753-2456,2025-07-05
수정구,태평동,가천대역동부센트레빌1단지,7343,태평로 28,14.0,6,248,031-757-1010,2025-07-05
수정구,태평동,가천대두산위브,7346,태평로 65,15.0,8,503,031-759-8085,2025-07-05
수정구,태평동,일성오퍼스원,5113-7,성남대로 1330,13.0,1,161,031-759-1212,2025-07-05
중원구,금광동,단남,92,희망로 412,15.0,2,160,031-741-5553,2025-07-05
중원구,금광동,래미안금광,2500,황송로 77,17.0,11,1098,031-734-0972,2025-07-05
중원구,금광동,다솜마을,2528,황송로77번길 21,15.0,3,200,031-732-7555,2025-07-05
중원구,금광동,한양수자인 성남마크뷰,2600,광명로 411,25.0,7,711,031-736-2622,2025-07-05
중원구,금광동,삼익금광,3950,자혜로16번길 9,12.0,4,498,031-733-5214,2025-07-05
중원구,금광동,황송마을,2450-1,황송로 6,15.0,11,990,031-734-6415,2025-07-05
중원구,금광동,금빛그랑메종 1단지,1001,금광로 11,29.0,9,1135,031-731-1100,2025-07-05
중원구,금광동,금빛그랑메종 2단지,1003,금광로 26,22.0,4,443,031-8039-7366,2025-07-05
중원구,금광동,금빛그랑메종 3단지,1008,금광로 40,25.0,6,784,031-731-8548,2025-07-05
중원구,금광동,금빛그랑메종 4단지,1016,금광로 71,29.0,8,948,031-731-4400,2025-07-05
중원구,금광동,금빛그랑메종 5단지,1020,금광로 72,29.0,8,1102,031-734-5500,2025-07-05
중원구,금광동,금빛그랑메종 6단지,1009,금광로 39,24.0,4,908,031-733-0222,2025-07-05
중원구,도촌동,LH 동분당 센트럴파크,700,도촌남로 22,15.0,17,842,031-752-2772,2025-07-05
중원구,도촌동,휴먼시아섬마을2단지,701,도촌남로 24,15.0,6,534,031-752-7053,2025-07-05
중원구,도촌동,동분당포레스트,702,도촌남로 67,15.0,7,408,031-722-0582,2025-07-05
중원구,도촌동,휴먼시아섬마을4단지,703,도촌남로 69,15.0,5,458,031-752-7013,2025-07-05
중원구,도촌동,동분당 더 퍼스트,704,도촌북로 78,15.0,12,633,031-756-1014,2025-07-05
중원구,도촌동,휴먼시아섬마을7단지,706,도촌남로 101,15.0,12,528,031-759-0009,2025-07-05
중원구,도촌동,휴먼시아섬마을8단지,707,도촌남로 134,15.0,10,762,031-752-7104,2025-07-05
중원구,도촌동,휴먼시아섬마을9단지,708,도촌남로 148,15.0,12,1005,031-752-7445,2025-07-05
중원구,상대원동,늘푸른산성,174,사기막골로150번길 10,21.0,4,360,031-733-1024,2025-07-05
중원구,상대원동,삼익상대원,152-3,사기막골로31번길 34,12.0,2,264,031-733-2935,2025-07-05
중원구,상대원동,일성,178-6,순환로198번길 12,15.0,1,270,031-734-9585,2025-07-05
중원구,상대원동,상대원동 성지,195-5,순환로 178,6.0,8,441,031-745-3421,2025-07-05
중원구,상대원동,선경 (2차 시영),279-1,금상로 134,15.0,19,2510,031-748-4654,2025-07-05
중원구,상대원동,산호,산19-4,순환로198번길 14,12.0,1,158,031-732-4994,2025-07-05
중원구,상대원동,성남산단3단지 아파트,252-1,갈마치로 241,4.0,1,194,031-732-7775,2025-07-05
중원구,성남동,보미리전빌3,2508,광명로 114,12.0,1,150,031-721-7979,2025-07-05
중원구,성남동,성남동 현대,3121,둔촌대로 193,15.0,2,375,031-758-9834,2025-07-05
중원구,성남동,금호어울림,3126,둔촌대로171번길 6,15.0,11,507,031-758-8005,2025-07-05
중원구,성남동,성남동 여수LH1단지 (임대),4700,둔촌대로63번길 11,14.0,7,658,031-723-8866,2025-07-05
중원구,여수동,센트럴타운3단지,600,성남대로 1000,15.0,23,1039,031-752-2137,2025-07-05
중원구,여수동,연꽃마을4단지,601,여수울로 50,14.0,10,456,031-721-3391,2025-07-05
중원구,여수동,산들마을 2단지 ,602,여수울로 51,15.0,16,1171,031-754-6410,2025-07-05
중원구,은행동,은행주공,550,산성대로552번길 15,15.0,23,1900,031-734-4326,2025-07-05
중원구,은행동,은빛마을 두산위브,1740,은행로 13,15.0,6,432,031-745-2323,2025-07-05
중원구,은행동,은행동 현대,1932-6,자혜로17번길 16,15.0,14,1258,031-733-0378,2025-07-05
중원구,중앙동,힐스테이트2차,577,시민로 66,15.0,15,751,031-734-5666,2025-07-05
중원구,중앙동,힐스테이트1차,578,시민로66번길 21,15.0,7,356,031-731-8044,2025-07-05
중원구,중앙동,롯데캐슬,710,희망로 415,21.0,9,545,031-736-0600,2025-07-05
중원구,중앙동,신흥역 하늘채 랜더스원 1단지,3001,광명로 176,24.0,14,1267,031-749-8880,2025-07-05
중원구,중앙동,신흥역 하늘채 랜더스원 2단지,3006,광명로 204,27.0,3,332,031-749-9419,2025-07-05
중원구,중앙동,신흥역 하늘채 랜더스원 3단지,3007,광명로 206,25.0,4,400,031-746-3007,2025-07-05
중원구,중앙동,신흥역 하늘채 랜더스원 4단지,3005,광명로 202,,2,412,031-736-3004,2025-07-05
중원구,하대원동,하대원동 현대,190,시민로28번길 6,14.0,3,314,031-754-2320,2025-07-05
중원구,하대원동,아튼빌,249,둔촌대로 300,23.0,17,1541,031-603-3707,2025-07-05
중원구,하대원동,자이,539,둔촌대로 363,22.0,14,910,031-752-9912,2025-07-05
중원구,하대원동,성원초원,115-3,원터로18번길 19,12.0,3,281,031-721-7684,2025-07-05
분당구,구미동, 까치마을금성백조연립,20,미금일로90번길 11,4.0,6,112,031-714-7997,2025-07-05
분당구,구미동, 까치마을우방우성빌라,75,금곡로 201,3.0,8,108,031-712-4555,2025-07-05
분당구,구미동, 현대노블리스,82,금곡로 171,4.0,2,22,031-713-3563,2025-07-05
분당구,구미동, 현대노블리스,83,금곡로 171,4.0,2,22,031-713-3563,2025-07-05
분당구,구미동, 현대노블리스,84,금곡로 171,4.0,2,24,031-713-3563,2025-07-05
분당구,구미동, 현대노블리스,85,금곡로 171,4.0,2,24,031-713-3563,2025-07-05
분당구,구미동, 한양시티빌,116,미금로 111,3.0,3,30,,2025-07-05
분당구,구미동, 무지개마을동아아파트,240,구미로144번길 8,17.0,3,132,031-715-1939,2025-07-05
분당구,구미동, 빌라트Y,278-1,구미로174번길 6,4.0,6,36,031-713-7557,2025-07-05
분당구,금곡동,삼라마이다스빌,208,정자일로 21,16.0,1,74,031-717-4392,2025-07-05
분당구,대장동,힐스테이트 판교 엘포레 3단지,144,판교대장로 117,20.0,4,121,031-711-7392,2025-07-05
분당구,분당동, 샛별마을현대빌라,41,불정로 308,3.0,8,66,031-702-2637,2025-07-05
분당구,분당동, 분당풍림아이원,92,장안로51번길 6,3.0,3,35,031-703-6903,2025-07-05
분당구,분당동, 장안타운건영빌라,113,서현로 471,4.0,7,144,031-602-4413,2025-07-05
분당구,삼평동,판교푸르지오월드마크,741,대왕판교로606번길 58,13.0,1,142,031-8017-1303,2025-07-05
분당구,서현동, 백산오페라하우스,320,불정로406번길 14,4.0,2,42,031-703-9389,2025-07-05
분당구,서현동, 효자촌정도빌라,322,불정로406번길 7,4.0,7,144,031-708-0883,2025-07-05
분당구,서현동, 효자촌대명빌라,323,분당로263번길 67,4.0,6,144,031-701-5048,2025-07-05
분당구,서현동, 서현포스파크,"145,146-1",새마을로83번길 9,4.0,7,128,031-707-7893,2025-07-05
분당구,야탑동, 목련마을대진빌라,158,판교로 654,4.0,5,75,031-701-6189,2025-07-05
분당구,야탑동, 목련마을성환빌라,176,야탑로231번길 38,4.0,7,136,031-707-1423,2025-07-05
분당구,야탑동, 목련마을두원빌라,182,야탑로231번길 35,4.0,7,124,031-704-1861,2025-07-05
분당구,야탑동, 목련마을미원빌라,183,야탑로231번길 45,4.0,4,108,031-703-4131 ,2025-07-05
분당구,야탑동, 매화마을청구빌라,217,벌말로50번길 9,4.0,7,136,031-708-0771,2025-07-05
분당구,야탑동, 매화마을대창,267,벌말로30번길 11,4.0,6,112,031-708-1603,2025-07-05
분당구,야탑동, 매화마을화성빌리지,270,벌말로50번길 14,4.0,7,116,031-707-1207,2025-07-05
분당구,야탑동, 중일빌라,408,판교로610번길 9,4.0,2,38,031-705-7415,2025-07-05
분당구,야탑동, 탑마을동아연립주택,512,성남대로 884-4,4.0,6,115,031-701-2235,2025-07-05
분당구,야탑동, 진흥더블파크아파트,519,야탑로 162,15.0,2,142,031-707-0127,2025-07-05
분당구,운중동, 푸르지오하임,307,하오개로 377,4.0,11,144,031-8017-2732,2025-07-05
분당구,운중동,산운마을3단지 월든힐스,873,산운로 55,4.0,9,102,031-8017-8081,2025-07-05
분당구,운중동,산운마을2단지 월든힐스,874,산운로 37,4.0,9,100,031-8017-9905,2025-07-05
분당구,운중동,산운마을1단지  월드힐스,875,산운로 7,4.0,8,98,031-8017-5512,2025-07-05
분당구,운중동, 판교금강펜테리움레전드,926,판교원로 101,5.0,3,32,031-702-2290,2025-07-05
분당구,운중동,판교 동양파크타운,326-1 외5,하오개로363번길 12,4.0,1,20,,2025-07-05
분당구,운중동, 르씨트빌모트(Le Site Wilmotte),379-4,하오개로351번길 9,4.0,5,36,031-701-2350,2025-07-05
분당구,운중동,판교 파크하임 에비뉴, 357-1 외4,하오개로357번길 17,4.0,7,49,,2025-07-05
분당구,운중동,판교파크하임테라스,336-1,,4.0,4,38,,2025-07-05
분당구,율동,프라임힐즈,272,새마을로165번길 19,4.0,4,34,,2025-07-05
분당구,이매동,이매포스파크,296,이매로123번길 12,4.0,7,144,031-781-2894,2025-07-05
분당구,이매동,베스티아6차 연립,334-1,이매로 166,4.0,5,24,,2025-07-05
분당구,정자동,"동양정자파라곤 1단지(101, 102동)",14-3,정자일로 210,17.0,1,16,031-717-0253,2025-07-05
분당구,정자동,"동양정자파라곤 2단지(103, 104동)",14-1,정자일로 220,17.0,1,112,031-717-0253,2025-07-05
분당구,정자동,"동양정자파라곤 3단지(105, 106동)",13-1,정자일로 230,17.0,1,120,031-717-0253,2025-07-05
분당구,정자동,성원 상떼뷰리젠시 (201동),12-2,정자일로213번길 18,16.0,1,33,031-712-4856,2025-07-05
분당구,정자동,"성원 상떼뷰리젠시 (101, 102동)",12-3,정자일로213번길 10,17.0,1,53,031-712-4856,2025-07-05
분당구,판교동, 판교원마을 4단지,631,판교원로 186,3.0,6,48,031-8016-7014,2025-07-05
수정구,단대동,희망아파트(통보 5차),127,희망로506번길 13,5.0,1,72,031-743-3962,2025-07-05
수정구,단대동,단대동 행복주택,130,단대로23번길 36,7.0,1,60,031-710-3892,2025-07-05
수정구,단대동,선경단대아파트,188,산성대로383번길 28,5.0,1,60,031-733-5364,2025-07-05
수정구,단대동,훼밀리웰빙아파트,"185-13,-20",희망로 486,12.0,1,49,031-731-1912,2025-07-05
수정구,단대동,낙원아파트,"3, 3-2",수정로466번길 24,10.0,1,45,031-749-1025,2025-07-05
수정구,복정동,서울국제학교 교사주택,657-3,성남대로1480번길 21-12,4.0,4,55,031-750-1332,2025-07-05
수정구,수진동,MD아파트,2220, 산성대로 183,11.0,1,63,,2025-07-05
수정구,수진동,수진동 낙원스카이뷰,2934,수정로 94,15.0,1,39,,2025-07-05
수정구,수진동,우리빌,2965,수정로 80,14.0,1,84,,2025-07-05
수정구,수진동,와이엠프라젠1,3016,성남대로 1210,14.0,1,72,,2025-07-05
수정구,수진동,현대아파트,3379,제일로147번길 4,13.0,1,107,031-754-7523,2025-07-05
수정구,수진동,성남 밀란체3,3991,성남대로1194번길 3,15.0,1,52,,2025-07-05
수정구,수진동,밀란체2,4002,산성대로93번길 25,14.0,1,96,031-757-7234,2025-07-05
수정구,수진동,세일띠아모아아파트,4539,수정로 58,13.0,1,30,,2025-07-05
수정구,수진동,밀란체1,4557,성남대로 1215,15.0,1,45,,2025-07-05
수정구,수진동,세븐빌,4569,수정로56번길 18,7.0,1,26,,2025-07-05
수정구,수진동,산호아파트,4660,모란로 69,14.0,1,78,031-753-0813,2025-07-05
수정구,수진동,동명빌라,4781,모란로 23,4.0,3,66,031-751-7665,2025-07-05
수정구,수진동,모란아이하우스,4809,모란로 12,13.0,1,149,031-751-8449,2025-07-05
수정구,시흥동,코오롱린든그로브,320,대왕판교로 801,4.0,3,52,031-756-0855,2025-07-05
수정구,신흥동,신흥동 미래타운2차아파트,65,수정로 265,13.0,1,48,,2025-07-05
수정구,신흥동,예일 위-플러스아파트,72,수정로 263,14.0,1,49,,2025-07-05
수정구,신흥동,삼부르네상스 파크 I,179,수정로 312,15.0,1,108,031-731-9084,2025-07-05
수정구,신흥동,신흥동 세일띠아모아파트,950,수정로 282,15.0,1,52,,2025-07-05
수정구,신흥동,삼부르네상스파크Ⅱ,2476,산성대로 305,20.0,1,134,031-731-3844,2025-07-05
수정구,신흥동,신흥센트리움,3765,수정남로144번길 10,13.0,1,24,,2025-07-05
수정구,신흥동,샤르망,5180,시민로 165,15.0,1,117,,2025-07-05
수정구,신흥동,미래타운,5542-3,탄리로 62,12.0,1,24,,2025-07-05
수정구,신흥동,셀레스빌,125-2,수정로 316,15.0,1,117,,2025-07-05
수정구,양지동,굿모닝 파크빌,6,산성대로 601,13.0,1,35,,2025-07-05
수정구,양지동,주원파크빌아파트,93,수정로 566,15.0,1,88,031-744-2134,2025-07-05
수정구,양지동,주원파크빌아파트(동양연립재건축),94,수정로 568,15.0,1,62,031-744-2134,2025-07-05
수정구,양지동,양우내안에아파트,1021,논골로 24,15.0,2,67,031-742-4569,2025-07-05
수정구,양지동,성남통보3차양지아파트,743-1,논골로 34,6.0,1,78,031-732-1310,2025-07-05
수정구,양지동 ,연홍채 , 222,산성대로539번길 3-5,10.0,1,27,,2025-07-05
수정구,창곡동,위례 보미리즌빌,507,위례광장로 82,15.0,4,131,,2025-07-05
수정구,창곡동,위례 아트리버 푸르지오 2단지,529,위례순환로 130,14.0,4,90,031-751-2124,2025-07-05
수정구,창곡동,위례 아트리버 푸르지오 1단지,530,위례광장로 70,15.0,4,124,031-751-2124,2025-07-05
수정구,태평동,삼오아트빌,3505,수정로135번길 4,12.0,1,28,,2025-07-05
수정구,태평동,태평동 낙원스카이뷰,3659,수정로 131,15.0,1,72,,2025-07-05
수정구,태평동,낙원스카이뷰2,6146,성남대로 1254,15.0,1,52,,2025-07-05
수정구,태평동,동인트루빌2,6455,수정로 81,14.0,1,72,031-721-0237,2025-07-05
수정구,태평동,삼능스페이스향,6513,성남대로 1238,15.0,1,64,,2025-07-05
수정구,태평동,태평맨션,7113,모란로 123,3.0,2,30,,2025-07-05
수정구,태평동,태평아파트,7330,시민로 192,5.0,3,80,031-751-3658,2025-07-05
수정구,태평동,크란츠 힐,7337,수정북로 120,9.0,1,63,,2025-07-05
수정구,태평동,가천대역동부센트레빌2단지,7344,제일로 244,14.0,4,115,031-758-5506,2025-07-05
수정구,태평동,센트럴아파트,7345,수정로25번길 21,6.0,1,38,,2025-07-05
수정구,태평동, 통보아파트2차,2991-2,남문로 85,5.0,1,45,,2025-07-05
수정구,태평동,주민태평동락커뮤니티,7288-11,수정북로 92,12.0,1,78,,2025-07-05
수정구,고등동,판교밸리자이 1단지,582,대왕판교로 995,14.0,3,130,031-8023-9160,2025-07-05
수정구,고등동,판교밸리자이 2단지,585,대왕판교로 981,14.0,3,130,,2025-07-05
수정구,고등동,판교밸리자이 3단지,601,대왕판교로 961,14.0,2,90,,2025-07-05
중원구,금광동,현대아파트,2627,광명로395번길 7,13.0,2,124,031-745-0725,2025-07-05
중원구,금광동,금광시장,4622,산성대로426번길 5,5.0,2,42,,2025-07-05
중원구,금광동,중앙하이츠금광프리미엄 아파트,4863,광명로 359,15.0,1,41,,2025-07-05
중원구,도촌동,동분당 KCC스위첸파티오 1단지,639,도촌남로 70-16,3.0,17,153,031-752-0215,2025-07-05
중원구,도촌동,동분당 KCC스위첸파티오 2단지,705,도촌남로 88,3.0,11,50,031-759-8801,2025-07-05
중원구,상대원동, 궁전아파트,179,순환로 188,5.0,7,268,031-742-1449,2025-07-05
중원구,상대원동,월드뷰 아파트,5026,희망로 323,13.0,1,33,,2025-07-05
중원구,상대원동,현성아름빌아파트,2993-3,금상로 39,11.0,1,40,031-747-6377,2025-07-05
중원구,성남동,동부주택 브리앙뜨2,2163,광명로 115,15.0,1,84,,2025-07-05
중원구,성남동,나래주상복합아파트,2258,광명로 77,10.0,1,24,,2025-07-05
중원구,성남동,동부주택 브리앙뜨,2292,광명로 55,15.0,1,36,,2025-07-05
중원구,성남동,성남동 S.N블르버드,2334,광명로 86-4,12.0,1,39,,2025-07-05
중원구,성남동,신동아 파밀리에,2396,광명로100번길 4,14.0,1,87,031-759-6007,2025-07-05
중원구,성남동,성남동 세종그랑시아,2487,광명로100번길 5,13.0,1,62,,2025-07-05
중원구,성남동,성남동 그린빌아파트,2493,광명로 108,13.0,1,37,031-757-4624,2025-07-05
중원구,성남동,중앙아파트,2992,원터로93번길 19,6.0,1,36,,2025-07-05
중원구,성남동,수산리치빌,3141,산성대로 132,13.0,1,22,031-755-6890,2025-07-05
중원구,성남동,쉐르진아파트,3264,광명로 28,14.0,1,36,,2025-07-05
중원구,성남동,부남프라자,3279,제일로73번길 20,13.0,1,34,031-721-3279,2025-07-05
중원구,성남동,양지참빛아파트,3283,광명로 38,14.0,1,40,031-722-1127,2025-07-05
중원구,성남동,크란츠빌2,3287,제일로73번길 16,15.0,1,85,031-752-5868,2025-07-05
중원구,성남동,우원아파트(우원파크빌),3300,제일로 73,11.0,1,30,,2025-07-05
중원구,성남동,성남동 렉스아파트,3301,제일로 69,13.0,1,44,031-757-8634,2025-07-05
중원구,성남동,금오아파트,3747,광명로42번길 23,12.0,1,90,031-758-6697,2025-07-05
중원구,성남동,띠아모아파트,3753,제일로63번길 5,10.0,1,21,,2025-07-05
중원구,성남동,예건체리쉬,3754,제일로 63,10.0,1,27,,2025-07-05
중원구,성남동,SR HIGHONE 하이원,3755,제일로 59,12.0,1,44,031-722-4624,2025-07-05
중원구,성남동,대동다숲아파트,3757,제일로 55,14.0,1,62,031-721-8149,2025-07-05
중원구,성남동,한빛스위트아파트,4031,성남대로1130번길 26,12.0,1,123,031-721-5611,2025-07-05
중원구,성남동,로그인한진아파트,4859,성남대로1139번길 11,6.0,1,48,,2025-07-05
중원구,성남동,프레젠티아,4949,산성대로80번길 8,6.0,1,71,,2025-07-05
중원구,은행동,은행동 주공 2차,550,산성대로552번길 15,5.0,3,110,,2025-07-05
중원구,중앙동,성남중동3휴먼시아,711,희망로 413,16.0,2,127,031-731-6357,2025-07-05
중원구,중앙동,제일연립,6-5,산성대로360번길 9,3.0,1,42,,2025-07-05
중원구,하대원동,비제이 위채아파트,111,제일로 22,4.0,1,48,,2025-07-05
중원구,하대원동,초이스탑,332,마지로134번길 24,15.0,1,60,,2025-07-05
중원구,하대원동,와이엠프라젠,100-3,성남대로 1108,15.0,1,52,,2025-07-05
중원구,하대원동,주원파크빌,105-2,둔촌대로 154,15.0,1,70,031-751-5641,2025-07-05
중원구,하대원동,금오베스트샵,105-7,마지로 49,10.0,1,29,,2025-07-05
중원구,하대원동, 제일아파트,111-7,둔촌대로190번길 2,6.0,2,132,031-755-4631,2025-07-05
중원구,하대원동, 상일아파트,137-5,시민로6번길 5,5.0,1,40,031-755-1532,2025-07-05
중원구,하대원동, 태연스카이빌,143-1,둔촌대로 274,17.0,1,120,031-753-4450,2025-07-05
중원구,하대원동, 대원아파트,155-2,둔촌대로280번길 12,6.0,1,96,,2025-07-05
중원구,하대원동,이안 모란 센트럴파크 아파트,147-5,마지로 133,13.0,3,74,031-751-8005,2025-07-05
