source_year,gu_name,dong_name,admi_cd,total_commute,subway_share,bus_share,car_share,other_share,avg_stay_duration,short_stay_share,axis_commute_share,seoul_commute_share,accessibility_score,vulnerability_score,high_demand_low_access,bus,car,subway,walk,express_bus,rail,air,other,total_od_commute
2023,분당구,정자동,41135545,640156.4400000001,0.3106539239064751,0.1709023344356263,0.4133295761267355,0.1051141655311629,419.7697626848836,0.033841212313665,0.4190127847914549,0.2836460218257002,0.6329886040057204,-0.6329886040057204,-1.3575823414096486,109404.23,264595.59,198867.11,43340.21,0.0,5.74,0.0,23943.56,1046870.42
2023,분당구,정자1동,41135550,1261374.18,0.2795449959186575,0.146149225918038,0.4158413247368041,0.1584644534265002,419.7658888974563,0.0340175981721775,0.428749032257801,0.2863713914904789,0.5829480734106992,-0.5829480734106992,0.1925456017975608,184348.86,524531.51,352610.84,124738.76,27.15,6.55,0.0,75110.51,2081584.85
2023,분당구,금곡동,41135662,1087130.14,0.3051068016566995,0.1402120265012614,0.4569356250209382,0.0977455468211009,415.5558874487649,0.0349309053284089,0.3684181130424179,0.2896366189860931,0.5002331431709175,-0.5002331431709175,-0.0567622893861222,152428.72,496748.49,331690.8,55747.41,0.0,10.19,0.0,50504.53,1717031.9200000002
2023,분당구,구미1동,41135665,581228.09,0.3673059400828339,0.2044860220021369,0.370107181158433,0.0581008567565961,422.51364520252287,0.033681045938437,0.3286048470350363,0.26455409123505,0.4616711897264456,-0.4616711897264456,-1.1670875723949048,118853.02,215116.69,213488.53,26391.99,0.0,0.0,0.0,7377.86,994561.41
2023,분당구,수내1동,41135520,655814.3799999999,0.2247730981440206,0.2094675478143678,0.4578738117941238,0.1078855422474878,421.5770829849752,0.0328955275424122,0.4443313394148166,0.276270722267627,0.3189811225153366,-0.3189811225153366,-0.7189341426651793,137371.83,300280.23,147409.43,48681.44,0.0,0.0,0.0,22071.45,1130276.88
2023,분당구,정자2동,41135560,588804.2,0.2243606957966672,0.2029047686820168,0.5031374776198948,0.0695970579014212,422.5939594180884,0.0287557221908403,0.3982947125977261,0.2984570505628707,0.2363084941841617,-0.2363084941841617,-0.7173020037765967,119471.18,296249.46,132104.52,23380.53,0.0,0.0,0.0,17598.51,884580.51
2023,분당구,이매2동,41135610,268270.9,0.1925468621456893,0.2134730975294003,0.5576739035057474,0.036306136819163,416.1603517191019,0.0295063311003914,0.3853132940481695,0.3478101777094275,0.1953731332110216,-0.1953731332110216,-1.3891519551383642,57268.62,149607.68,51654.72,6797.97,0.0,0.0,0.0,2941.91,444832.9
2023,분당구,이매1동,41135600,1057307.2,0.256609772448348,0.2466748453051298,0.4302448332897005,0.0664705489568216,419.3114015491429,0.0319900592751094,0.3384404160823252,0.3215714310132836,0.1753860354851326,-0.1753860354851326,0.4962018589992036,260811.09,454900.96,271315.36,43871.07,0.0,0.0,0.0,26408.72,1484819.62
2023,분당구,백현동,41135657,1070301.59,0.2019153031436681,0.2370157648742724,0.4800103305461781,0.0810586014358812,409.8414561824578,0.036033740732834,0.4010884059973371,0.2950796058098613,0.1086127263486076,-0.1086127263486076,0.6546335951281432,253678.35,513755.82,216110.27,54488.74,0.0,11.13,0.0,32257.28,1713415.77
2023,분당구,정자3동,41135570,628410.28,0.2240997235118432,0.1887144494198917,0.4899818793543606,0.0972039477139043,413.8839813377973,0.0362430735537935,0.3595607470657503,0.2824708598447423,0.0818495150570826,-0.0818495150570826,-0.328470295304271,118590.1,307909.65,140826.57,44022.14,9.0,0.0,0.0,17052.82,1045263.82
2023,분당구,삼평동,41135655,998782.89,0.1744262959891113,0.2779936688743236,0.4339252447546433,0.1136547903819217,407.7320653740874,0.0343615217517392,0.4521259911195446,0.2763486576368801,0.0683702016526774,-0.0683702016526774,0.5643675889895123,277655.32,433397.11,174214.0,101210.05,0.0,5.51,0.0,12300.9,1784489.58
2023,분당구,야탑2동,41135630,387288.44,0.2201787897413101,0.3081377022252459,0.4388030017110761,0.0328805063223679,417.6182821258492,0.0281110636816322,0.364123188031195,0.3154418723212758,0.0280067930035812,-0.0280067930035812,-0.7896827350570171,119338.17,169943.33,85272.7,10752.39,0.0,0.0,0.0,1981.85,591351.9299999999
2023,분당구,구미동,41135670,1221362.3299999998,0.3021407169156757,0.2471526283277461,0.4002343268602365,0.0504723278963417,412.650211506032,0.0353055018489067,0.2914079757332846,0.2471936919109876,-0.0095610679966933,0.0095610679966933,1.2348031819547969,301862.91,488831.13,369023.29,44404.84,5.85,23.67,0.0,17210.64,1952593.88
2023,분당구,서현1동,41135580,1278216.83,0.1839125134974165,0.2888407438665942,0.4105172515996367,0.1167294910363525,416.0174287487671,0.0362598887076146,0.4214373706043922,0.2416590318330836,-0.1044406341661395,0.1044406341661395,1.549789485098719,369201.1,524730.06,235080.07,119679.21,0.0,0.0,0.0,29526.39,2358914.11
2023,분당구,수내3동,41135540,503599.7400000001,0.1641181347710783,0.2549890117099742,0.524941216212701,0.0559516373062464,428.8681505276392,0.0313112155300159,0.3994812395628583,0.2708321019458585,-0.1304605070194499,0.1304605070194499,-0.2136091525983096,128412.4,264360.26,82649.85,13651.4,0.0,10.22,0.0,14515.61,744756.1
2023,분당구,서현2동,41135590,728802.23,0.145805289316966,0.3068607652311931,0.4969905072875532,0.0503434381642877,423.6284469107621,0.0313909440150862,0.3816848328027951,0.3033226747291503,-0.2319764077225573,0.2319764077225573,0.5081816090153999,223640.81,362207.79,106263.22,20426.97,19.38,0.0,0.0,16244.06,1081367.36
2023,분당구,판교동,41135650,1002974.37,0.0701212434770392,0.2515730187601903,0.63160401596304,0.0467017217997305,414.61195264640713,0.0323846361098938,0.3869223596496987,0.3526511406487711,-0.3019844684235842,0.3019844684235842,1.284199429985509,252321.29,633482.64,70329.81,16074.52,0.0,16.62,0.0,30749.49,1365062.62
2023,분당구,수내2동,41135530,74669.27,0.0913006113492203,0.1531943462149824,0.7336011186395688,0.0219039237962283,438.4470184320805,0.0224060045049322,0.3816743526801762,0.2791425216286817,-0.3216658354423826,0.3216658354423826,-0.8511154984125796,11438.91,54777.46,6817.35,1028.32,0.0,0.0,0.0,607.23,146044.5
2023,분당구,분당동,41135510,1089565.98,0.1397530969166273,0.3633968913016172,0.4517428857314359,0.0451071260503196,418.4911767344278,0.0352637386861142,0.4051669359482751,0.2739718219287987,-0.3281502546585389,0.3281502546585389,1.537062978008583,395944.89,492203.68,152270.22,17984.87,0.0,0.0,0.0,31162.32,1548793.73
2023,분당구,야탑3동,41135640,1225985.62,0.2362105193370865,0.3789092240739332,0.3386731730181305,0.0462070835708497,421.50231362420055,0.0356956715365062,0.3056989646343802,0.2586155484764142,-0.3440758668523032,0.3440758668523032,1.8869359448855207,464537.26,415208.44,289590.7,38680.91,0.0,0.0,0.0,17968.31,1777500.59
2023,분당구,운중동,41135680,1392839.1800000002,0.0705131226994921,0.2477710886909427,0.6517698188243096,0.0299459697852554,412.8631518679708,0.0336793010087496,0.390860226891816,0.3177526234418334,-0.3794293756647631,0.3794293756647631,2.345296844581578,345105.28,907810.54,98213.44,7940.65,0.0,5.27,0.0,33764.0,1967411.64
2023,분당구,야탑1동,41135620,735110.37,0.2365218028416603,0.3259027620573493,0.3585014043537435,0.0790740307472468,420.0030513785297,0.0369474586516851,0.2919976782775707,0.2269254625109439,-0.4109148493185783,0.4109148493185783,0.8659974295070296,239574.5,263538.1,173869.63,43896.26,0.0,0.0,0.0,14231.88,1396204.8
2023,수정구,복정동,41131620,330937.89,0.3983401537974391,0.2081814808210688,0.3589353277136081,0.0345430376678838,433.1120262475837,0.036594419575226,0.2903267537083265,0.5470504227602211,1.2317605608488105,-1.2317605608488105,-3.229351517037037,68895.14,118785.3,131825.85,2120.38,0.0,0.0,0.0,9311.22,596142.89
2023,수정구,태평1동,41131540,588227.3099999999,0.5081214777328174,0.2859206758013327,0.1824749517325198,0.0234828947333302,452.3780067266854,0.0325275274961307,0.2997671860122705,0.3640909670486456,1.0841292864609318,-1.0841292864609318,-2.3440398205166124,168186.35,107336.75,298890.93,9548.82,0.0,5.29,0.0,4259.17,945673.42
2023,수정구,단대동,41131590,579929.84,0.4405890029731872,0.2322733384438365,0.2869860085144092,0.0401516500685669,439.1554049020826,0.0364086110830234,0.2422276698387138,0.3514424105754446,0.6671685481427359,-0.6671685481427359,-1.5640929073835597,134702.24,166431.75,255510.71,12737.89,0.0,0.0,0.0,10547.25,880760.3200000001
2023,수정구,위례동,41131625,1947278.22,0.2927495281080071,0.2364909673770192,0.4049669440661643,0.0657925604488094,421.5805957096362,0.0346095844485951,0.2546931669610062,0.5438678026724157,0.6670828627831417,-0.6670828627831417,1.6368638505305444,460513.71,788583.3099999999,570064.78,45089.12,0.0,32.22,0.0,82995.08,2786968.29
2023,수정구,신흥2동,41131520,929514.71,0.3947727196269976,0.2362642867695983,0.3011527058027947,0.0678102878006094,421.8371447827868,0.0356044714988964,0.2459080083117946,0.4022955318283571,0.6390319458904786,-0.6390319458904786,-0.6918165272040734,219611.13,279925.87,366947.05,28337.29,0.0,0.0,0.0,34693.37,1352227.82
2023,수정구,산성동,41131600,108911.48,0.4344519971632007,0.2260300750664668,0.3160270157011914,0.0234909120691409,441.36779979484254,0.0431796537885629,0.2509741655983404,0.302439030178907,0.5443642240664275,-0.5443642240664275,-2.4312557665590155,24617.27,34418.97,47316.81,1154.57,0.0,0.0,0.0,1403.86,235953.21
2023,수정구,수진2동,41131580,636660.24,0.4147583489743289,0.2894415080797255,0.2706575017155146,0.0251426412304308,436.789886235082,0.0371311235016026,0.2666271711354329,0.2917401547109615,0.4134713866356939,-0.4134713866356939,-0.9449222473995288,184275.9,172316.87,264060.15,10270.16,0.0,0.0,0.0,5737.16,997361.78
2023,수정구,태평3동,41131560,430403.12000000005,0.4000670348300448,0.3406208811869207,0.2170083014268111,0.0423037825562231,450.9993391776527,0.0367592130837713,0.2409731533585003,0.2935974900303648,0.2163972175489192,-0.2163972175489192,-1.0499266137350078,146604.29,93401.05,172190.1,12234.28,0.0,0.0,0.0,5973.4,738718.1
2023,수정구,수진1동,41131570,315964.32,0.3938347215913493,0.3974293046759204,0.1669638204718811,0.0417721532608492,464.2264803823418,0.0347581334500047,0.2656269306535478,0.2266201714432842,0.0190733826292181,-0.0190733826292181,-0.9395170700214396,125573.48,52754.61,124437.72,10653.93,0.0,0.0,0.0,2544.58,560367.24
2023,수정구,신흥3동,41131530,388697.82,0.361494798195678,0.3460587713098056,0.2511035436216236,0.0413428868728926,443.0890325034496,0.0375895856580826,0.2262417142317649,0.2628173272941103,-0.0713613246047698,0.0713613246047698,-0.5958814000220596,134512.29,97603.4,140512.24,11896.38,0.0,0.0,0.0,4173.51,686357.6
2023,수정구,신흥1동,41131510,290504.48,0.3852931631209267,0.3635578012428586,0.208732684604382,0.0424163510318326,474.39924644191376,0.0329055854835698,0.2526911806758847,0.1996555342471346,-0.0893810916736936,0.0893810916736936,-0.7911934595002417,105615.17,60637.78,111929.39,8244.39,0.0,0.0,0.0,4077.75,535948.78
2023,수정구,태평2동,41131550,433303.98,0.3142704574280624,0.4380141165562338,0.2043890757707787,0.043326350244925,452.3130805306704,0.0403054225350064,0.2458196523870925,0.2709527518383101,-0.2776533268576397,0.2776533268576397,-0.0959741943835582,189793.26,88562.6,136174.64,14522.55,0.0,0.0,0.0,4250.93,744112.76
2023,수정구,양지동,41131610,268813.88,0.3461998316455981,0.3123147138086768,0.3134330712387321,0.0280523833069929,447.1631542984313,0.0385246104107421,0.1921899774451345,0.2215981193745716,-0.3142278239922912,0.3142278239922912,-0.4109067902565601,83954.53,84255.16,93063.32,2613.24,0.0,7.72,0.0,4919.91,462352.57
2023,수정구,태평4동,41131561,376041.15,0.3155036622986606,0.4092636936143823,0.2305414447328437,0.0446911993541132,456.251415569812,0.0324636279832672,0.2261071955124753,0.2634272129519405,-0.3232313388164565,0.3232313388164565,-0.1426401296310249,153899.99,86693.07,118642.36,12390.93,0.0,0.0,0.0,4414.8,630088.13
2023,수정구,고등동,41131640,456801.62,0.1247564752506788,0.3454624788764979,0.5080594722934652,0.0217215735793581,414.67682163649073,0.0391203078482952,0.2938110814763613,0.3596697246988139,-0.4908458359130434,0.4908458359130434,0.3677497983723117,157807.82,232082.39,56988.96,849.82,0.0,0.0,0.0,9072.63,715263.9
2023,수정구,시흥동,41131650,87153.6,0.0508807438820656,0.3764080887077527,0.5604137981678324,0.0122973692423491,380.4966610673569,0.0706737300581961,0.3696170447673497,0.2341104627524442,-0.9111890698575046,0.9111890698575046,0.3083047212033298,32805.32,48842.08,4434.44,519.22,0.0,0.0,0.0,552.54,316321.83
2023,수정구,신촌동,41131630,79707.28,0.0472672006873148,0.415982454802121,0.5130101039704278,0.0237402405401363,405.43087281362506,0.0548310016349824,0.2107958473082159,0.4338521249240893,-0.9398545720803728,0.9398545720803728,0.3458294658968754,33156.83,40890.64,3767.54,612.73,0.0,0.0,0.0,1279.54,193862.69
2023,중원구,은행1동,41133550,49784.69,0.5110223645060359,0.2661854477752096,0.2098291663561629,0.0129630213625915,490.3326283642621,0.021884639635197,0.2483877891523256,0.2481665747873614,0.6311186155593312,-0.6311186155593312,-2.7359841566666403,13251.96,10446.28,25441.09,482.83,0.0,0.0,0.0,162.53,107949.59
2023,중원구,금광1동,41133530,837679.6,0.3881196462227324,0.2843799944513391,0.2700424840237246,0.0574578753022038,438.4148678086466,0.0345496535907046,0.2601907080442928,0.3512976402171175,0.4609115778578453,-0.4609115778578453,-0.5653102058722169,238219.32,226209.08,325119.91,31530.37,0.0,0.0,0.0,16600.92,1231859.94
2023,중원구,중앙동,41133525,659290.95,0.3899423312272071,0.2732429286341637,0.2801584945159645,0.0566562456226647,442.4201541064685,0.0323931945372524,0.2716415570493802,0.3037693771480705,0.3874921296834016,-0.3874921296834016,-0.8421408127720154,180146.59,184705.96,257085.45,21651.69,0.0,0.0,0.0,15701.26,997595.85
2023,중원구,금광2동,41133540,1007235.95,0.3798307437299076,0.3091422819052477,0.2643604410664651,0.0466665332983795,431.33305517937487,0.0396758971917156,0.2113783029778641,0.2982306537805134,0.0930590287582115,-0.0930590287582115,0.5368233226943792,311379.22,266273.34,382579.18,31931.38,0.0,0.0,0.0,15072.83,1537418.72
2023,중원구,성남동,41133510,1627484.79,0.357487322508249,0.3712638444995851,0.220751550003733,0.0504972829884327,448.4066927593222,0.036512666886429,0.2637825027589167,0.249824482339026,-0.0305967428859802,0.0305967428859802,2.22581358785342,604226.26,359269.79,581805.1799999999,60885.33,0.0,5.29,0.0,21292.94,2520971.38
2023,중원구,은행2동,41133560,883256.6499999999,0.3433029233349106,0.3449871903030676,0.2754590865520231,0.0362507998099986,444.20506836829367,0.0383909478632286,0.1951314423124538,0.2657041777692684,-0.2334935908390836,0.2334935908390836,0.8726488409740256,304712.23,243301.07,303224.59,16997.89,0.0,0.0,0.0,15020.87,1328742.6
2023,중원구,상대원2동,41133580,288121.84,0.2823210833305798,0.417092782692211,0.251125773735167,0.049460360242042,454.30331487540127,0.0337194500770923,0.2220346592468209,0.217069934914471,-0.6014343022476099,0.6014343022476099,0.1849044949865524,120173.54,72354.82,81342.87,11981.38,0.0,0.0,0.0,2269.23,502432.73
2023,중원구,상대원3동,41133590,167159.44,0.2605168454739977,0.3990842515385311,0.2778563986574733,0.0625425043299977,447.5930787994982,0.0393371741374582,0.2305371688814422,0.1931304804345625,-0.7016453732278283,0.7016453732278283,0.0938647694672785,66710.7,46446.32,43547.85,7641.75,18.0,0.0,0.0,2794.82,335334.95
2023,중원구,도촌동,41133670,1188506.5,0.1803578356534019,0.4210540203187782,0.3603532668942071,0.0382348771336126,427.4760734585801,0.0360577918589422,0.2762986714097502,0.2474571729632328,-0.7363430106023059,0.7363430106023059,2.551231276727877,500425.44,428282.2,214356.46,23406.26,0.0,0.0,0.0,22036.14,1685676.98
2023,중원구,하대원동,41133660,814088.65,0.2115853476153979,0.4500836364688292,0.3037355575464662,0.0345954583693065,428.4555638995826,0.0414773501632776,0.217460025118036,0.2001714610678168,-0.9744999484975652,0.9744999484975652,2.131344794178579,366407.98,247267.67,172249.23,19791.27,0.0,0.0,0.0,8372.5,1190602.64
2023,중원구,상대원1동,41133570,835365.09,0.1728689308766781,0.4101467539180983,0.3474336472451824,0.0695506679600412,428.7371145710674,0.0456471672762863,0.1873694663199969,0.1949394658035637,-1.187373179275382,1.187373179275382,2.589257134266852,342622.28,290233.94,144408.66999999998,42798.33,0.0,0.0,0.0,15301.87,1349642.1
2024,분당구,금곡동,41135662,1326660.37,0.2932753618019056,0.092862599038818,0.4563283743826613,0.1575336647766149,410.3460250803301,0.0350074299724502,0.4057567971020124,0.2522508216915496,0.5854411774809535,-0.5854411774809535,-0.1912436376352823,123197.13,605392.77,389076.8,103202.3,15.18,11.32,0.0,105764.87,2071826.71
2024,분당구,구미1동,41135665,741396.7,0.3631323015060628,0.1536740856817949,0.3799482787015372,0.103245334110605,414.6813374650845,0.0338024703913572,0.3341988745450325,0.2375496394678967,0.5657127995509896,-0.5657127995509896,-1.2633896186482312,113933.46,281692.4,269225.09,50484.18,0.0,0.0,0.0,26061.57,1237110.36
2024,분당구,정자1동,41135550,1537224.03,0.2561554674629956,0.1037207374386412,0.4112209330997772,0.2289028619985858,417.92863917499386,0.0334424839819866,0.483682329944975,0.2376533048923655,0.5640437833621282,-0.5640437833621282,0.2481279340556024,159442.01,632138.7,393768.34,213405.87,24.75,19.54,0.0,138424.82,2538797.81
2024,분당구,정자동,41135545,660334.74,0.2479636464378657,0.1175544845633897,0.4584475746346466,0.1760342943640978,414.6648694374311,0.0331720090934485,0.4486521291800226,0.2254123104961248,0.3951058798104648,-0.3951058798104648,-1.0958795609476937,77625.31,302728.86,163739.01,66140.0,0.0,11.44,0.0,50090.12,1127879.97
2024,분당구,수내1동,41135520,833448.7300000001,0.1895003427505372,0.1532229103042726,0.4765682827304806,0.1807084642147093,419.0204022454986,0.0313679402930999,0.5075006214122612,0.2185119403648354,0.2296319143031486,-0.2296319143031486,-0.4562779904899635,127703.44,397195.23,157938.82,93231.11,25.7,0.0,0.0,57354.43,1410899.1
2024,분당구,정자2동,41135560,704959.56,0.2064456293067364,0.1401546919939634,0.5181492963936825,0.1352503823056176,419.12261039030375,0.0294662008697349,0.4133758508568977,0.253591519266079,0.1933507448111642,-0.1933507448111642,-0.6315148083154981,98803.39,365274.3,145535.82,47595.89,0.0,0.0,0.0,47750.16,1055269.99
2024,분당구,이매1동,41135600,1250569.23,0.2395835214976463,0.1810710391459095,0.4687311153497675,0.1106143240066765,415.8806683713144,0.0312682809251591,0.3398054051539603,0.2863047866223476,0.1844158778189127,-0.1844158778189127,0.4194285736640949,226441.87,586180.71,299615.78,74959.96,0.0,10.59,0.0,63360.32,1745585.8
2024,분당구,백현동,41135657,1301551.85,0.178523091492667,0.1821842671884335,0.4931214995391847,0.1461711417797147,410.87032388844136,0.033024669743276,0.4729948189473791,0.2538820372777213,0.161822034498686,-0.161822034498686,0.5585895289592836,237122.27,641823.2,232357.06,104652.54,0.0,5.93,0.0,85590.85,2030815.12
2024,분당구,삼평동,41135655,1352616.7000000002,0.1658144986676565,0.2104208901161725,0.4583538337209646,0.1654107774952061,413.8725649550977,0.0321190844383334,0.544643312297302,0.2082300238111663,0.1106694032952272,-0.1106694032952272,0.7516655409318732,284618.81,619977.05,224283.46,158684.58,0.0,17.41,0.0,65035.39,2443244.45
2024,분당구,이매2동,41135610,231617.66,0.1714571764519165,0.1677350941201979,0.5828975217174718,0.0779102077104137,405.8735180775938,0.0306105760674725,0.392731735370632,0.2961144756070143,0.0846350683248686,-0.0846350683248686,-1.3240191107503536,38850.41,135009.36,39712.51,10705.52,0.0,16.880000000000003,0.0,7322.98,398540.8
2024,분당구,정자3동,41135570,784066.17,0.2135871261988002,0.1360720996290402,0.4732624926286514,0.1770782815435079,407.5152405795036,0.0345918891003803,0.3470732383899807,0.2345391168783229,0.019074362610546,-0.019074362610546,-0.1535209401006029,106689.53,371069.11,167466.44,86043.83,0.0,0.0,0.0,52797.26,1280826.9
2024,분당구,구미동,41135670,1498413.11,0.2869980161879389,0.1882358664093642,0.4202135351044812,0.1045525822982154,408.1487695141696,0.0349319420997324,0.2702742653482712,0.2123039061139769,-0.0072807259369851,0.0072807259369851,1.2500314819241292,282055.09,629653.47,430041.59,94286.06,0.0,64.3,0.0,62312.6,2353977.65
2024,분당구,서현1동,41135580,1624125.08,0.1646531682153446,0.2220040897342709,0.430019152219483,0.1833235898309014,412.7482346585646,0.0355166980119536,0.4869109185519294,0.1983061738615777,-0.0737974784267141,0.0737974784267141,1.6135118278313971,360562.41,698404.89,267417.34,209779.48,14.69,22.74,0.0,87923.53,2939563.8
2024,분당구,야탑2동,41135630,465673.06,0.1955785030811101,0.2410146509226881,0.4889174606750925,0.0744893853211091,409.91804790232015,0.0300025945241496,0.3470046629489278,0.2764937108498549,-0.0881037797143435,0.0881037797143435,-0.5552364471212736,112234.03,227675.69,91075.64,24660.11,0.0,0.0,0.0,10027.59,686514.06
2024,분당구,수내2동,41135530,58971.880000000005,0.0973116339516393,0.1059001340978106,0.7601495831572608,0.0366386487932892,416.452655618237,0.0227954408100945,0.4155448462292282,0.2739136020660212,-0.128470388915704,0.128470388915704,-1.2500935051337445,6245.13,44827.45,5738.65,1105.51,0.0,0.0,0.0,1055.14,119789.67
2024,분당구,운중동,41135680,1681265.0799999998,0.0734445278551791,0.1599622826877484,0.6986608857658544,0.067932303691218,409.3481728492214,0.0333610925886832,0.4307671439544381,0.2921817478917196,-0.215224068167196,0.215224068167196,1.9880345491881288,268939.0,1174634.15,123479.72,25804.51,0.0,5.45,0.0,88402.25,2366064.53
2024,분당구,서현2동,41135590,868425.77,0.139741603936972,0.2186424062473411,0.542090845599849,0.0995251442158378,415.8703794384177,0.0319660366596444,0.3748303484522299,0.2700362658365891,-0.230176407625668,0.230176407625668,0.4755613658118665,189874.7,470765.66,121355.21,40725.56,0.0,0.0,0.0,45704.64,1285148.9
2024,분당구,수내3동,41135540,583454.08,0.1421567229421036,0.191218270339287,0.5586906856491602,0.107934321069449,426.0578396802025,0.031118490078945,0.3894977973367927,0.2203528150184065,-0.2850753983026763,0.2850753983026763,0.0387808044140108,111567.08,325970.36,82941.92,25808.08,9.0,0.0,0.0,37157.64,861906.62
2024,분당구,판교동,41135650,1124560.07,0.0731068016668953,0.1836517990541848,0.6489367082009234,0.0943046910779964,414.28728040663935,0.0312392471840121,0.4031638531302111,0.3012246349942545,-0.2904558739280198,0.2904558739280198,1.0744973076309678,206527.48,729768.31,82212.98999999999,38814.69,0.0,16.35,0.0,67220.25,1541480.53
2024,분당구,야탑3동,41135640,1464134.99,0.2219867718617939,0.3016075587401951,0.3763929034986043,0.1000127658994065,421.9226379665307,0.0334882987804287,0.2779065193787693,0.2189083871676481,-0.3940989036687263,0.3940989036687263,1.9132106793289003,441594.18,551090.02,325018.6,77611.64,0.0,6.34,0.0,68814.20999999999,2118071.29
2024,분당구,분당동,41135510,1205349.57,0.1289601073985532,0.2713438226887159,0.5054182414484123,0.0942778284643184,414.357319841994,0.0341074996193842,0.3851706081723924,0.235949043708393,-0.4206327540206675,0.4206327540206675,1.4726677330042104,327064.16000000003,609205.66,155442.01,35374.65,0.0,16.939999999999998,0.0,78246.15,1744781.6
2024,분당구,야탑1동,41135620,931875.68,0.2173205013784671,0.2442619813836112,0.3777961991668245,0.1606213180710972,421.6821378280845,0.0345795911317269,0.2519987476836607,0.1884038936933017,-0.4751196477508716,0.4751196477508716,1.0569038579497223,227621.8,352059.09,202515.69,98665.99,5.6,21.67,0.0,50985.84,1710813.74
2024,수정구,복정동,41131620,437144.59,0.3551224321453915,0.1272035186344179,0.4318943761834042,0.0857796730367863,430.2196296115663,0.0338201143013116,0.2677784771068249,0.5025604353959222,1.1568802896748402,-1.1568802896748402,-2.952872126291619,55606.33,188800.29,155239.85,6716.54,0.0,0.0,0.0,30781.58,773964.07
2024,수정구,태평1동,41131540,657461.18,0.4919887741508936,0.2293919619710474,0.2219817297806084,0.0566375340974504,443.4829902428612,0.0303249995687958,0.2682255350158545,0.3331662255267746,1.079834881992575,-1.079834881992575,-2.3902631919703032,150816.31,145944.37,323463.52,21460.15,5.78,15.52,0.0,15755.53,1065380.11
2024,수정구,산성동,41131600,148485.94,0.4581288975912466,0.1340060210414535,0.3357348177207889,0.0721302636465109,430.9188459001573,0.0335482268556874,0.2231791074783854,0.2702171171623321,0.8027303106314292,-0.8027303106314292,-2.833329268100452,19898.01,49851.9,68025.7,3526.6800000000003,0.0,0.0,0.0,7183.65,303056.19
2024,수정구,위례동,41131625,2267433.31,0.2805709465386657,0.1705692592123029,0.4250808681998237,0.1237789260492076,416.4899523836491,0.0336580174876234,0.2249450492951586,0.5002369634653339,0.6908090503202843,-0.6908090503202843,1.3935106271295443,386754.42,963842.52,636175.91,107963.99,0.0,5.94,0.0,172690.53,3299875.78
2024,수정구,단대동,41131590,697743.73,0.4111031854059082,0.1681221986760096,0.3248500420061102,0.0959245739119719,430.7036961295231,0.0327911223222314,0.2147366731813435,0.3179212543824276,0.6797574815704284,-0.6797574815704284,-1.560805785504659,117306.21,226662.08,286844.67,31024.46,0.0,0.0,0.0,35906.31,1048120.55
2024,수정구,신흥2동,41131520,1714716.9,0.3602460791049531,0.1816196131268082,0.3251849211960295,0.1329493865722091,424.61502182552704,0.0328520002339744,0.2271617941188281,0.3727516836808507,0.6403625526357696,-0.6403625526357696,0.4408772161330319,311426.22,557600.08,617720.04,101216.86,0.0,19.94,0.0,126733.76,2412583.12
2024,수정구,수진2동,41131580,708767.46,0.4107964832358415,0.2298487010111892,0.2934234029310544,0.0659314128219148,433.81124792467193,0.0338358084328532,0.2261318945095189,0.2443243804859211,0.4099084383046284,-0.4099084383046284,-1.031946742052455,162909.28,207968.96,291159.18,26893.1,7.99,0.0,0.0,19828.95,1131868.95
2024,수정구,태평3동,41131560,470862.47,0.3727480128114691,0.2576251829966402,0.2653441460305809,0.1042826581613098,442.84712394640417,0.0352845916982935,0.2189356527610411,0.2663715507030115,0.2630813158808768,-0.2630813158808768,-1.2064732064039512,121306.03,124940.6,175513.05,29577.79,0.0,0.0,0.0,19525.0,810666.64
2024,수정구,수진1동,41131570,366933.1,0.3669952370064189,0.309481101595904,0.2266685943568459,0.0968550670408311,456.0636261934396,0.0305522450822779,0.2166812534016076,0.196142746042309,-0.0366213171433445,0.0366213171433445,-0.8392946221040855,113558.86,83172.20999999999,134662.7,23205.95,0.0,0.0,0.0,12333.38,657023.89
2024,수정구,신흥3동,41131530,473163.77,0.3314499332863123,0.2629231101104803,0.3018942257561267,0.1037327308470807,431.4866003876417,0.0354214355845545,0.1988727141065311,0.2318600729939567,-0.0520637678755567,0.0520637678755567,-0.6088807820009208,124405.69,142845.41,156830.1,29794.85,0.0,0.0,0.0,19287.72,848453.8
2024,수정구,양지동,41131610,337065.27,0.3392114233542957,0.2170104917661792,0.3544822342568844,0.0892958506226405,436.6704667680536,0.035647902852762,0.1752215931749141,0.2110601893304979,-0.0679603452655946,0.0679603452655946,-0.8369120416565679,73146.7,119483.65,114336.39,11203.76,0.0,0.0,0.0,18894.77,578933.67
2024,수정구,신흥1동,41131510,320946.22,0.349422809840228,0.2915558563051467,0.2495323048204151,0.1094890290342101,461.6340597237756,0.0308013909620122,0.211916386721347,0.1854570661428623,-0.1213539938009556,0.1213539938009556,-0.7669549089882466,93573.75,80086.45,112145.93,20629.27,0.0,0.0,0.0,14510.82,587415.31
2024,수정구,태평4동,41131561,444185.18,0.2864775677567631,0.3308074573762231,0.2790412097945276,0.1036737650724862,444.6902788352822,0.0324872387682992,0.2063810657531779,0.2485910115421402,-0.2651257942336034,0.2651257942336034,-0.2627365174360449,146939.77,123945.97,127249.09,27552.82,7.279999999999999,0.0,0.0,18490.25,730556.02
2024,수정구,태평2동,41131550,442815.54,0.2884124166012782,0.331673635482621,0.2735405130542618,0.1063734348618388,445.703246680322,0.0344297085870112,0.2228786885040604,0.2283948700543201,-0.276444303342958,0.276444303342958,-0.2440264555380868,146870.24,121127.99,127713.5,28848.84,0.0,0.0,0.0,18254.97,779357.96
2024,수정구,고등동,41131640,572243.34,0.1294372600299725,0.2737989226750983,0.5420777811061988,0.0546860361887304,415.6080656533286,0.0359111213072396,0.26510071637548,0.3158749801355546,-0.480459753917225,0.480459753917225,0.3853249294021,156679.61,310200.4,74069.61,6812.68,0.0,0.0,0.0,24481.04,896891.39
2024,수정구,신촌동,41131630,120780.35,0.0374473165543898,0.2348136927902593,0.677308850322093,0.0504301403332578,401.7903378769808,0.0539488418438926,0.1635368931463014,0.3769365455110673,-0.8566091799668722,0.8566091799668722,0.2377075360036098,28360.88,81805.6,4522.9,1757.28,0.0,0.0,5.22,4328.47,252741.93
2024,수정구,시흥동,41131650,175996.63,0.0452526278486127,0.2304129346113047,0.6743939358384305,0.0499405017016519,411.3909958173631,0.0436428242972606,0.3599222558510906,0.162859328265775,-0.95687667068322,0.95687667068322,0.531106035154074,40551.9,118691.06,7964.31,3427.2,0.0,0.0,0.0,5362.16,489780.91
2024,중원구,은행1동,41133550,44978.49,0.4995396688505995,0.2235468553968797,0.236392773523522,0.0405207022289988,470.9782847045332,0.0276483270114225,0.2109213911830067,0.2358758182430683,0.7123313020979763,-0.7123313020979763,-2.8593451588331487,10054.8,10632.59,22468.54,998.56,0.0,0.0,0.0,824.0,103509.89
2024,중원구,금광1동,41133530,1049810.02,0.3613611727577148,0.2079110751867276,0.308596035309322,0.1221317167462356,432.90173620080327,0.0320877104983242,0.229708238849344,0.3155822542252023,0.4528501263330712,-0.4528501263330712,-0.466383458247657,218267.13,323967.21,379360.58,69720.25,0.0,0.0,0.0,58494.850000000006,1518639.13
2024,중원구,중앙동,41133525,733664.4,0.3526372821142746,0.1996089628991129,0.322515839667292,0.1252379153193203,434.5696837378234,0.0331867267922499,0.23527230276217,0.2568821472157037,0.2793753332726965,-0.2793753332726965,-0.7390420338469977,146445.99,236618.39,258717.42,44340.83,0.0,0.0,0.0,47541.77,1123167.27
2024,중원구,금광2동,41133540,1211115.92,0.3598543151839669,0.2246945445156067,0.2972726508293277,0.1181784894710986,429.6546127188222,0.0345667820137316,0.196146885924887,0.2677937885937921,0.2103392017643438,-0.2103392017643438,0.2958523301036589,272131.14,360031.64,435825.29,79928.16,6.48,12.26,0.0,63180.95,1838268.44
2024,중원구,은행2동,41133560,1030602.81,0.3227422793462013,0.2631968177924917,0.3192349630795204,0.0948259397817865,437.5797553398869,0.0362996487463487,0.1712340151152266,0.2582197117469859,-0.0781997895815857,0.0781997895815857,0.4968630002009055,271251.38,329004.45,332619.10000000003,50440.94,0.0,0.0,0.0,47286.94,1559262.1
2024,중원구,성남동,41133510,1885693.24,0.3265772857095251,0.3099934165325851,0.2568559507589898,0.1065733469988999,443.6825922434234,0.0338820910234583,0.2205319924944497,0.2220601866997789,-0.1165035830797158,0.1165035830797158,2.1896666849742856,584552.49,484351.53,615824.58,124392.62,0.0,6.04,0.0,76565.98,2934260.5700000003
2024,중원구,도촌동,41133670,1342085.22,0.1710043047787978,0.3230406784451437,0.4170785220330494,0.0888764947430089,425.2153195923728,0.0342208522347038,0.2547559816436658,0.2231467671327894,-0.6701969021645927,0.6701969021645927,2.201611182819615,433548.12,559754.92,229502.35,48596.17,0.0,0.0,0.0,70683.66,1912843.8
2024,중원구,상대원2동,41133580,257546.25,0.2318493086193256,0.3446303333867218,0.3458340783451516,0.0776862796488009,438.1392080886443,0.0323729038959021,0.1771913801087577,0.1628944580614006,-0.8099581221782612,0.8099581221782612,0.4091113721033355,88758.25,89068.27,59711.92,14558.55,0.0,0.0,0.0,5449.26,478125.29
2024,중원구,상대원3동,41133590,169529.26,0.2094546392758394,0.3095060404321944,0.3741020871559281,0.1069372331360379,452.1161418300298,0.0309068770783285,0.176540364385586,0.1447062381638021,-0.9001390191988776,0.9001390191988776,0.4120448373405698,52470.33,63421.25,35508.69,12006.46,0.0,0.0,0.0,6122.53,330611.87
2024,중원구,하대원동,41133660,913384.09,0.1976834083019773,0.3629088612655821,0.3576375958114182,0.0817701346210223,424.2688654214461,0.0367399327045427,0.174977021330311,0.1668109961292849,-0.9665079726303256,0.9665079726303256,1.9468474983891364,331475.18,326660.49,180560.88,38149.33,0.0,0.0,0.0,36538.21,1359412.9
2024,중원구,상대원1동,41133570,1080182.67,0.1476303262669452,0.2950922180597473,0.3989171201941242,0.1583603354791833,436.4374458091427,0.037689125303223,0.1412221956511007,0.1442762320197412,-1.2087073888257491,1.2087073888257491,2.7189074836697995,318753.5,430903.36,159467.72,107804.56,0.0,0.0,0.0,63253.53,1680939.38
2025,분당구,구미1동,41135665,973881.33,0.3342414829946478,0.1364844010306677,0.3601247289543994,0.1691493870202851,424.664849771789,0.0352479290264246,0.3003849529697138,0.241241684656124,0.6800062816703905,-0.6800062816703905,-1.4603556586068132,132919.61000000002,350718.75,325511.54,100945.51,170.0,402.23,5.92,63207.77,1581185.36
2025,분당구,금곡동,41135662,1705630.59,0.27137073684871,0.0808567346344321,0.4371947913997016,0.2105777371171562,419.06489974479183,0.037603101384339,0.3942045390852173,0.2433380326822593,0.6759540293041755,-0.6759540293041755,-0.2637472318817615,137911.72,745692.8099999999,462858.23,178039.94,519.35,706.94,8.870000000000001,179892.73,2658871.87
2025,분당구,정자1동,41135550,1944918.27,0.238366031699625,0.0808881187588412,0.3919605423830997,0.288785307158434,423.068072212618,0.0369017717130087,0.4837367165421736,0.2175647372811546,0.6246366068615091,-0.6246366068615091,0.2190714750306568,157320.78,762331.22,463602.45,334741.44,802.0699999999999,881.26,25.33,225213.72,3207492.21
2025,분당구,정자동,41135545,923004.18,0.2198846813456468,0.1016486404211083,0.4132992008768584,0.2651674773563864,423.60344846975664,0.0366316217549523,0.4049951153719505,0.2280993283999344,0.3474530525840277,-0.3474530525840277,-0.934248820680438,93822.12,381476.89,202954.48,136397.24,237.53,961.79,5.75,107148.38,1481074.9
2025,분당구,수내1동,41135520,1080115.43,0.1836243187452659,0.1169345761498842,0.4663375469045934,0.2331035582002564,426.9470394474413,0.0336627447309034,0.4716440843850779,0.2200661109089912,0.2568675807231662,-0.2568675807231662,-0.513091670320409,126302.84,503698.38,198335.46,139857.98,369.29,892.05,8.49,110650.94,1773480.38
2025,분당구,백현동,41135657,1609982.28,0.1639425869954295,0.148470826647856,0.4806635387316188,0.2069230476250955,418.4228602814188,0.0347833455657661,0.4690500815219885,0.2382603881004298,0.1502524128133477,-0.1502524128133477,0.5431878406748141,239035.4,773859.78,263944.66000000003,175961.93,416.41,927.47,35.79,155800.84,2540688.76
2025,분당구,정자2동,41135560,1016005.9,0.1913726485249741,0.125420738206343,0.4468455350505346,0.2363610782181481,428.8461791412825,0.0334194909694914,0.3836618183267674,0.2381163380593583,0.1408755429677436,-0.1408755429677436,-0.4049372368601265,127428.21,453997.7,194435.74,120382.67,142.16,692.8199999999999,4.17,118922.43,1471611.62
2025,분당구,이매1동,41135600,1534693.11,0.2114505681204237,0.1534395107827127,0.4653094389665957,0.1698004821302677,420.59339472762736,0.034394889542444,0.3116635544385295,0.2669745653946163,0.1235952911135777,-0.1235952911135777,0.4696327894634342,235482.56,714107.19,324511.73,138471.72,306.81,677.04,2.38,121133.68,2168516.05
2025,분당구,삼평동,41135655,1818254.29,0.1601110425538993,0.1807050651864542,0.4397938530369149,0.2193900392227316,425.1513964529131,0.0337181770103234,0.5350485763350751,0.1970827410985916,0.0877730715976081,-0.0877730715976081,0.996035527092801,328567.76,799657.06,291122.59,253714.27,495.76,1530.25,59.43,143107.17,3260418.88
2025,분당구,구미동,41135670,1900400.4,0.2599607535338342,0.1617454984749529,0.4123402362996766,0.1659535116915361,417.9476826567706,0.0368721507320246,0.2327370511595809,0.2048297652594858,-0.0195011993850453,0.0195011993850453,1.3259156957496514,307381.21,783611.55,494029.52,180344.72,593.98,1317.88,23.14,133098.4,3048661.21
2025,분당구,정자3동,41135570,1074046.35,0.1945159256860749,0.1168610181487977,0.4323798875160276,0.2562431686490997,417.6298863638427,0.0361352282422448,0.3022852503184861,0.2225770719306342,-0.0608983211058006,0.0608983211058006,0.0587638193854693,125514.15,464396.04,208919.12,158731.18,521.51,354.02,0.0,115610.33,1696314.39
2025,분당구,서현1동,41135580,2056395.68,0.1544658030014924,0.1873207737919387,0.4276603420991431,0.2305530811074257,421.8057976566066,0.0368084365942647,0.4868168899381039,0.1917564454241979,-0.0794741583516476,0.0794741583516476,1.6892184101266834,385205.63,879438.88,317642.81,309254.38,544.6,1009.25,29.73,163270.4,3681016.45
2025,분당구,이매2동,41135610,328467.92,0.1686633811910764,0.1529666276085652,0.4809002656941354,0.1974697255062229,404.6646941960116,0.0377377492450404,0.3153722616808766,0.2678927970716517,-0.0850135852213435,0.0850135852213435,-1.1087539534051831,50244.63,157960.31,55400.51,34615.25,57.52,448.81,2.77,29738.12,494657.01
2025,분당구,운중동,41135680,2199850.3200000003,0.081317673467893,0.1062332004479286,0.6832487766713146,0.1292003494128636,413.0732877316853,0.0366634762677853,0.4214502606031869,0.2777115148240042,-0.1791343333732825,0.1791343333732825,2.1047943643311893,233697.14,1503045.04,178886.71,84581.48,503.29,722.3,50.75,198363.61,3176946.95
2025,분당구,야탑2동,41135630,645909.72,0.1808722742243297,0.1952512651458473,0.4509780716723074,0.1728983889575156,416.7561756153786,0.0352446778475481,0.2715070828334274,0.2622663675139082,-0.2165879703470337,0.2165879703470337,-0.3520018641049006,126114.69,291291.12,116827.16,71523.94,227.97,106.73,0.0,39818.11,913905.44
2025,분당구,수내2동,41135530,197156.78,0.1152881478384867,0.1189517296843659,0.5698236702790541,0.1959364521980933,419.7141447532263,0.0327508392052254,0.3444721049813487,0.2611651427787014,-0.2541272620111701,0.2541272620111701,-1.0125639047586603,23452.14,112344.6,22729.84,20076.72,50.33,122.62,2.79,18377.74,294450.78
2025,분당구,서현2동,41135590,1119212.84,0.1363726759961045,0.1768141437691154,0.5174406773246096,0.1693725029101703,419.9746938214182,0.036574231939655,0.3390398357677942,0.2573897882335226,-0.2757481610830959,0.2757481610830959,0.5254805251954314,197892.66,579126.25,152630.05,87959.48,171.57999999999998,436.92,8.21,100987.69,1636093.23
2025,분당구,수내3동,41135540,782148.6,0.1353839666784547,0.1580254059139145,0.5070267210092814,0.1995639063983493,431.976285708368,0.0345018069456366,0.3354943241362667,0.2209701434124629,-0.3716958886574082,0.3716958886574082,0.153352999612348,123599.35,396570.24,105890.38,68425.72,226.4,513.1,8.3,86915.11,1110600.13
2025,분당구,판교동,41135650,1426981.74,0.0795626649013742,0.1471332001767591,0.6064462955216232,0.1668578394002434,422.1215140426394,0.0342352944193946,0.3560752167289647,0.2817063942281602,-0.3977934778999612,0.3977934778999612,1.249068460513104,209956.39,865387.79,113534.47,101075.37,272.34000000000003,891.11,14.83,135849.44,1973708.27
2025,분당구,야탑3동,41135640,1900984.97,0.1958006801074287,0.2525127592145034,0.3875558626852268,0.164130697992841,430.16341186537625,0.0358569221091737,0.2412857010573925,0.2137900663444115,-0.4687505550846235,0.4687505550846235,2.1492846072165577,480022.96,736737.87,372214.15,160177.74,393.6,344.02,13.96,151080.67,2776942.26
2025,분당구,분당동,41135510,1488772.95,0.1241803123841013,0.2096986783646223,0.5071619550852264,0.1589590541660499,421.7030234193871,0.0372760063917066,0.3448917881353973,0.2312622418707847,-0.4698371082729113,0.4698371082729113,1.4813741839823722,312193.72,755049.0,184876.29,87651.56999999999,261.08,553.42,31.89,148155.98,2146455.02
2025,분당구,야탑1동,41135620,1265647.73,0.1994763503427608,0.1988880665870589,0.3706500228148001,0.23098556025538,428.4728915051268,0.0359650232217459,0.2109006337228421,0.1862498291043492,-0.5087818916374984,0.5087818916374984,1.1900602531385631,251722.23,469112.36,252466.79,181338.36,526.49,664.2099999999999,12.01,109805.28,2264832.36
2025,수정구,태평1동,41131540,835864.8099999999,0.4233437821123251,0.1983460937899754,0.2464468147666128,0.1318633093310867,441.2975010875264,0.0353195512561415,0.2329662509441693,0.3259863604197517,1.1472022800472523,-1.1472022800472523,-2.5399238671467246,165790.52,205996.22,353858.17,60416.84,131.45,377.43,16.42,49277.76,1304506.42
2025,수정구,복정동,41131620,709278.63,0.3063279236257266,0.1149733779516238,0.4036250041820658,0.1750736942405835,433.946737969534,0.0364819817001958,0.2226336878894623,0.4619797082673228,1.1106650117285517,-1.1106650117285517,-2.678756299795986,81548.16,286282.59,217271.85,41461.92,144.51,274.43,8.0,82287.17,1118338.21
2025,수정구,위례동,41131625,2577062.02,0.2621963323956014,0.1421306189596476,0.4333978931558659,0.162275155488885,418.44033136618106,0.0362840588524136,0.1987537380086061,0.4647240357937695,0.7881171130713105,-0.7881171130713105,0.9471136016117232,366279.42,1116893.25,675696.21,175974.48,231.06,893.23,9.21,241085.16,3859819.23
2025,수정구,단대동,41131590,857260.6,0.3639953241756357,0.1564299817348423,0.3146358061947557,0.1649388878947661,437.2356482964457,0.0357996856498479,0.1797861969677799,0.3080244693460843,0.7398862298007481,-0.7398862298007481,-1.7594992061065715,134101.26,269724.88,312038.85,75728.22,53.95,123.55,2.89,65487.0,1246929.93
2025,수정구,신흥2동,41131520,2077184.05,0.3215759239052504,0.1406231575868301,0.3414537965473016,0.1963471219606177,427.7212167116342,0.0359338981059478,0.1937611434953613,0.3462702125172915,0.7046278489867468,-0.7046278489867468,0.2875849426701324,292100.18,709262.38,667972.38,195714.76,214.54,356.69,6.56,211556.56,3004202.13
2025,수정구,산성동,41131600,297672.81999999995,0.3392691344812738,0.1322365945268365,0.3315111873499233,0.1969830836419664,432.0816455462747,0.0385178263840145,0.1691329622927216,0.2998068468604051,0.6061121934640278,-0.6061121934640278,-2.4240103892270586,39363.24,98681.87,100991.2,25775.94,29.28,46.09,0.0,32785.2,450771.86
2025,수정구,수진2동,41131580,918670.6,0.3804020505282307,0.183559253991583,0.301796258637209,0.1342424368429772,442.68950209139166,0.0337863103488889,0.1807804973660561,0.2535124942156232,0.6015685521970544,-0.6015685521970544,-1.406488330469109,168630.49,277251.35,349464.18,67159.13,160.57999999999998,246.02,2.04,55756.81,1439459.31
2025,수정구,태평3동,41131560,670141.22,0.2982867700631816,0.2233332998080613,0.2755759002557699,0.202804029872987,441.2243820787505,0.04012712425002,0.1644535227209143,0.2714827110776101,0.1259626503640593,-0.1259626503640593,-0.939713175672865,149664.85,184674.77,199894.26,78320.84,95.56,65.95,25.09,57399.9,1058727.64
2025,수정구,신흥3동,41131530,696689.34,0.3058293672183932,0.2026766621691096,0.2909342204087692,0.2005597502037278,433.99845187813554,0.0373655494714473,0.1650775245840722,0.2445673522713267,0.1174747845278453,-0.1174747845278453,-0.8810306166063572,141202.66999999998,202690.77,213068.06,79757.18,153.58,141.42,4.8100000000000005,59670.85,1109190.73
2025,수정구,수진1동,41131570,542707.27,0.3110693726288207,0.2438339549053765,0.2575601944672678,0.187536477998535,451.4727160371373,0.0351372296892208,0.1748368835713746,0.2261733817242072,0.0319072204315738,-0.0319072204315738,-0.9746276515911684,132330.46,139779.79,168819.61,60003.88,56.28,301.89,0.0,41415.36,845288.86
2025,수정구,양지동,41131610,521642.14,0.2921351982798015,0.1731380444072252,0.3502449399505952,0.1844818173623779,434.34475711644006,0.0368701040909003,0.1455095236438789,0.2354319138545846,0.0273509356474608,-0.0273509356474608,-1.0005203294492069,90316.1,182702.52,152390.03,42920.47,45.67,60.6,0.0,53206.75,778199.51
2025,수정구,신흥1동,41131510,492932.65,0.2963904703817043,0.229709920817783,0.264083115614273,0.2098164931862395,455.2275666868486,0.0346663991520951,0.1835057128462002,0.2051653511932013,-0.0660464742591326,0.0660464742591326,-0.8761989928347512,113231.52,130175.19,146100.54,55950.74,67.69,127.31,7.73,47271.93,754699.12
2025,수정구,태평2동,41131550,606970.08,0.2647125209203063,0.2533502310360999,0.2855247988500521,0.1964124491935418,444.5091570246758,0.0359455774162706,0.1879755009438793,0.2597614454014917,-0.0869499915748735,0.0869499915748735,-0.6526059053471215,153776.01,173305.01,160672.58,68277.91,46.63,375.36,2.05,50514.53,949104.32
2025,수정구,태평4동,41131561,597233.95,0.24301456740696,0.2633252346086487,0.2921015123135582,0.201558685670833,445.0502180929266,0.0365208139959223,0.1756036280095142,0.250023973100007,-0.2764700492915234,0.2764700492915234,-0.3214832795357263,157266.77,174452.94,145136.55,67603.54,117.99,80.06,2.14,52573.96,887453.02
2025,수정구,고등동,41131640,824575.78,0.1383832180954914,0.2409010485367397,0.4825866823301553,0.1381290510376135,426.05508919992775,0.0361698714944064,0.2202347621387087,0.302446712391882,-0.505816200438275,0.505816200438275,0.4678303472578436,198641.17,397929.29,114107.45,41133.39,97.89,193.04,41.56,72431.99,1236015.32
2025,수정구,신촌동,41131630,259826.23,0.0796781371919224,0.2247861580410877,0.5513432188890244,0.1441924858779654,422.27338363798,0.0442442243032968,0.1273980523000804,0.3611688637056177,-0.7996609972831777,0.7996609972831777,0.087964341610323,58405.34,143253.43,20702.47,14587.21,62.86,99.8,186.82,22528.3,393839.93
2025,수정구,시흥동,41131650,369671.68,0.0774925739510259,0.2075745158514712,0.5642354588807019,0.1506974513168009,431.1604751546021,0.0355130260451652,0.2999442553368244,0.1719520904431101,-0.9992812157531932,0.9992812157531932,0.6319128597713841,76734.42,208581.87,28646.81,25094.85,171.72,319.92,1.98,30120.11,767499.48
2025,중원구,금광1동,41133530,1285713.75,0.3264221293425539,0.1642951940118864,0.3184127493386455,0.1908699273069141,437.6311803463252,0.0347677389310023,0.2004429540899923,0.319772903460393,0.616026266664923,-0.616026266664923,-0.8364612801784079,211236.59,409387.65,419685.42,130740.22,178.76,186.81,11.7,114286.6,1819095.97
2025,중원구,금광2동,41133540,1608101.0,0.3358197899261302,0.1837782017423034,0.3005710897512034,0.1798309185803628,438.1504903609911,0.0374211196933525,0.1752873049599289,0.2708627673278428,0.4145724744741057,-0.4145724744741057,0.0562526509767361,295533.91,483348.67,540032.14,155414.37,162.03,135.74,4.35,133469.79,2379441.17
2025,중원구,중앙동,41133525,960914.36,0.3131326084043536,0.1570099233400987,0.3326805210820244,0.1971769471735233,437.1455973454284,0.0344074262767808,0.198922345384068,0.2687078526076388,0.392937721102201,-0.392937721102201,-0.955906287372567,150873.09,319677.49,300893.62,92817.37,90.28,203.8,4.38,96354.33,1372638.3
2025,중원구,은행1동,41133550,105131.16,0.3278985031649988,0.2233539513879614,0.2815222432626064,0.1672253021844331,434.8465944825492,0.0478273996025536,0.1377053108157563,0.2664111999975012,0.2020424373937761,-0.2020424373937761,-1.9972054571237108,23481.46,29596.76,34472.35,8685.369999999999,8.32,0.0,0.0,8886.9,153674.32
2025,중원구,은행2동,41133560,1274381.58,0.2847204524095522,0.221301495898897,0.3303174077578867,0.1636606439336638,439.25848669281606,0.0376018617594896,0.1520222794951339,0.2582079701280739,-0.0111201110711918,0.0111201110711918,0.2932087498237478,282022.55,420950.42,362842.5,109999.64,132.92,130.87,0.0,98302.68,1887353.36
2025,중원구,성남동,41133510,2241397.68,0.3034275559703444,0.2662087166968068,0.2762774743302135,0.1540862530026354,449.9547963750904,0.0346975597833223,0.1982212559702343,0.2179779178317299,-0.02213865561818,0.02213865561818,1.8849100287625653,596679.6,619247.69,680101.82,197980.08,360.35,495.36,14.92,146517.86,3537057.55
2025,중원구,상대원2동,41133580,430060.6,0.2260320754795952,0.2682362206628554,0.3251983325140689,0.1805333713434804,445.17735081986126,0.0358075815361835,0.1375343140792316,0.1870124568172585,-0.6619068944184268,0.6619068944184268,0.1124381783160604,115357.83,139854.99,97207.49,46540.21,47.75,70.06,7.18,30975.09,667237.05
2025,중원구,도촌동,41133670,1663320.54,0.15425347299565,0.2775187517374131,0.420672289659815,0.1475554856071217,430.65226189054334,0.0355529608261796,0.2309438895658227,0.2145665127293639,-0.7498054256227629,0.7498054256227629,2.2775616610790363,461602.64,699712.86,256572.97,109903.87,250.72,268.94,8.4,135000.14,2394325.44
2025,중원구,상대원3동,41133590,297728.84,0.1846259838314622,0.2280880817592276,0.3563159014088121,0.230970033000498,444.4457040171185,0.0425236937073345,0.1361554157662079,0.1702556448552516,-0.8590916595704269,0.8590916595704269,0.258357957097945,67908.4,106085.52,54968.48,40400.57,70.7,23.8,0.0,28271.37,431159.86
2025,중원구,하대원동,41133660,1187396.9300000002,0.1826356162130215,0.3086373400005338,0.3607318405312029,0.1479952032552416,432.4934797498592,0.0384219453893989,0.1470962676532722,0.1785908582989731,-0.9654106788509488,0.9654106788509488,1.8988203371377856,366475.03,428331.88,216860.97,87724.41,167.53,121.78,6.94,87708.39,1715725.11
2025,중원구,상대원1동,41133570,1422339.42,0.1308625967773571,0.247626519414051,0.3952024475283122,0.2263084362802797,444.7378492821355,0.0397198440861605,0.1123308383942332,0.1402148656152942,-1.3228253233542433,1.3228253233542433,2.934934801447258,352208.96,562112.02,186131.03,187988.67,333.16,438.84,14.91,133111.83,2166309.39
